Workbook

Sheet DEMATEL
A1: Ma trận quan hệ trực tiếp DRM
A3: L | B3: DRI1 | C3: DRI3 | D3: DRI4 | E3: DRI5 | F3: DRI6 | G3: DRI7 | H3: DRI9 | I3: DRI10 | J3: DRI11 | K3: DRI13 | L3: DRI14 | M3: DRI15 | O3: M | P3: DRI1 | Q3: DRI3 | R3: DRI4 | S3: DRI5 | T3: DRI6 | U3: DRI7 | V3: DRI9 | W3: DRI10 | X3: DRI11 | Y3: DRI13 | Z3: DRI14 | AA3: DRI15 | AC3: U | AD3: DRI1 | AE3: DRI3 | AF3: DRI4 | AG3: DRI5 | AH3: DRI6 | AI3: DRI7 | AJ3: DRI9 | AK3: DRI10 | AL3: DRI11 | AM3: DRI13 | AN3: DRI14 | AO3: DRI15
A4: DRI1 | B4: =AVERAGE('Ans 1:Ans 40'!B30) -> 0 | C4: =AVERAGE('Ans 1:Ans 40'!C30) -> 0.163025 | D4: =AVERAGE('Ans 1:Ans 40'!D30) -> 0.16316 | E4: =AVERAGE('Ans 1:Ans 40'!E30) -> 0.034735 | F4: =AVERAGE('Ans 1:Ans 40'!F30) -> 0.0734375 | G4: =AVERAGE('Ans 1:Ans 40'!G30) -> 0.0384 | H4: =AVERAGE('Ans 1:Ans 40'!H30) -> 0.05491 | I4: =AVERAGE('Ans 1:Ans 40'!I30) -> 0.0365875 | ... M4: =AVERAGE('Ans 1:Ans 40'!M30) -> 0.048165 | O4: DRI1 | P4: =AVERAGE('Ans 1:Ans 40'!B44) -> 0 | Q4: =AVERAGE('Ans 1:Ans 40'!C44) -> 0.25099 | R4: =AVERAGE('Ans 1:Ans 40'!D44) -> 0.251045 | S4: =AVERAGE('Ans 1:Ans 40'!E44) -> 0.084455 | T4: =AVERAGE('Ans 1:Ans 40'!F44) -> 0.1281025 | U4: =AVERAGE('Ans 1:Ans 40'!G44) -> 0.0769025 | V4: =AVERAGE('Ans 1:Ans 40'!H44) -> 0.09679 | W4: =AVERAGE('Ans 1:Ans 40'!I44) -> 0.068995 | ... AA4: =AVERAGE('Ans 1:Ans 40'!M44) -> 0.0952 | AC4: DRI1 | AD4: =AVERAGE('Ans 1:Ans 40'!B58) -> 0 | AE4: =AVERAGE('Ans 1:Ans 40'!C58) -> 0.33896 | AF4: =AVERAGE('Ans 1:Ans 40'!D58) -> 0.338945 | AG4: =AVERAGE('Ans 1:Ans 40'!E58) -> 0.1577975 | AH4: =AVERAGE('Ans 1:Ans 40'!F58) -> 0.202535 | AI4: =AVERAGE('Ans 1:Ans 40'!G58) -> 0.13852 | AJ4: =AVERAGE('Ans 1:Ans 40'!H58) -> 0.1623025 | AK4: =AVERAGE('Ans 1:Ans 40'!I58) -> 0.1281875 | ... AO4: =AVERAGE('Ans 1:Ans 40'!M58) -> 0.1538375
A5: DRI3 | B5: =AVERAGE('Ans 1:Ans 40'!B31) -> 0.0300475 | C5: =AVERAGE('Ans 1:Ans 40'!C31) -> 0 | D5: =AVERAGE('Ans 1:Ans 40'!D31) -> 0.2570725 | E5: =AVERAGE('Ans 1:Ans 40'!E31) -> 0.225905 | F5: =AVERAGE('Ans 1:Ans 40'!F31) -> 0.0600125 | G5: =AVERAGE('Ans 1:Ans 40'!G31) -> 0.1691475 | H5: =AVERAGE('Ans 1:Ans 40'!H31) -> 0.168805 | I5: =AVERAGE('Ans 1:Ans 40'!I31) -> 0.017675 | ... M5: =AVERAGE('Ans 1:Ans 40'!M31) -> 0.2106275 | O5: DRI3 | P5: =AVERAGE('Ans 1:Ans 40'!B45) -> 0.09268 | Q5: =AVERAGE('Ans 1:Ans 40'!C45) -> 0 | R5: =AVERAGE('Ans 1:Ans 40'!D45) -> 0.3483325 | S5: =AVERAGE('Ans 1:Ans 40'!E45) -> 0.30836 | T5: =AVERAGE('Ans 1:Ans 40'!F45) -> 0.125205 | U5: =AVERAGE('Ans 1:Ans 40'!G45) -> 0.235305 | V5: =AVERAGE('Ans 1:Ans 40'!H45) -> 0.237935 | W5: =AVERAGE('Ans 1:Ans 40'!I45) -> 0.0645975 | ... AA5: =AVERAGE('Ans 1:Ans 40'!M45) -> 0.301755 | AC5: DRI3 | AD5: =AVERAGE('Ans 1:Ans 40'!B59) -> 0.1552925 | AE5: =AVERAGE('Ans 1:Ans 40'!C59) -> 0 | AF5: =AVERAGE('Ans 1:Ans 40'!D59) -> 0.36494 | AG5: =AVERAGE('Ans 1:Ans 40'!E59) -> 0.325495 | AH5: =AVERAGE('Ans 1:Ans 40'!F59) -> 0.1998325 | AI5: =AVERAGE('Ans 1:Ans 40'!G59) -> 0.2682475 | AJ5: =AVERAGE('Ans 1:Ans 40'!H59) -> 0.272995 | AK5: =AVERAGE('Ans 1:Ans 40'!I59) -> 0.12939 | ... AO5: =AVERAGE('Ans 1:Ans 40'!M59) -> 0.36618
A6: DRI4 | B6: =AVERAGE('Ans 1:Ans 40'!B32) -> 0.0701125 | C6: =AVERAGE('Ans 1:Ans 40'!C32) -> 0.00386 | D6: =AVERAGE('Ans 1:Ans 40'!D32) -> 0 | E6: =AVERAGE('Ans 1:Ans 40'!E32) -> 0.0770325 | F6: =AVERAGE('Ans 1:Ans 40'!F32) -> 0.003535 | G6: =AVERAGE('Ans 1:Ans 40'!G32) -> 0.0723475 | H6: =AVERAGE('Ans 1:Ans 40'!H32) -> 0.076065 | I6: =AVERAGE('Ans 1:Ans 40'!I32) -> 0.0123725 | ... M6: =AVERAGE('Ans 1:Ans 40'!M32) -> 0.21705 | O6: DRI4 | P6: =AVERAGE('Ans 1:Ans 40'!B46) -> 0.12969 | Q6: =AVERAGE('Ans 1:Ans 40'!C46) -> 0.02427 | R6: =AVERAGE('Ans 1:Ans 40'!D46) -> 0 | S6: =AVERAGE('Ans 1:Ans 40'!E46) -> 0.1299425 | T6: =AVERAGE('Ans 1:Ans 40'!F46) -> 0.0447475 | U6: =AVERAGE('Ans 1:Ans 40'!G46) -> 0.129585 | V6: =AVERAGE('Ans 1:Ans 40'!H46) -> 0.1411925 | W6: =AVERAGE('Ans 1:Ans 40'!I46) -> 0.0490875 | ... AA6: =AVERAGE('Ans 1:Ans 40'!M46) -> 0.31139 | AC6: DRI4 | AD6: =AVERAGE('Ans 1:Ans 40'!B60) -> 0.201825 | AE6: =AVERAGE('Ans 1:Ans 40'!C60) -> 0.0904 | AF6: =AVERAGE('Ans 1:Ans 40'!D60) -> 0 | AG6: =AVERAGE('Ans 1:Ans 40'!E60) -> 0.2035975 | AH6: =AVERAGE('Ans 1:Ans 40'!F60) -> 0.105155 | AI6: =AVERAGE('Ans 1:Ans 40'!G60) -> 0.19853 | AJ6: =AVERAGE('Ans 1:Ans 40'!H60) -> 0.213975 | AK6: =AVERAGE('Ans 1:Ans 40'!I60) -> 0.1138825 | ... AO6: =AVERAGE('Ans 1:Ans 40'!M60) -> 0.37726
A7: DRI5 | B7: =AVERAGE('Ans 1:Ans 40'!B33) -> 0.0756525 | C7: =AVERAGE('Ans 1:Ans 40'!C33) -> 0.0797375 | D7: =AVERAGE('Ans 1:Ans 40'!D33) -> 0.073695 | E7: =AVERAGE('Ans 1:Ans 40'!E33) -> 0 | F7: =AVERAGE('Ans 1:Ans 40'!F33) -> 0.0693075 | G7: =AVERAGE('Ans 1:Ans 40'!G33) -> 0.08281 | H7: =AVERAGE('Ans 1:Ans 40'!H33) -> 0.1955375 | I7: =AVERAGE('Ans 1:Ans 40'!I33) -> 0.060495 | ... M7: =AVERAGE('Ans 1:Ans 40'!M33) -> 0.1477225 | O7: DRI5 | P7: =AVERAGE('Ans 1:Ans 40'!B47) -> 0.1259725 | Q7: =AVERAGE('Ans 1:Ans 40'!C47) -> 0.13125 | R7: =AVERAGE('Ans 1:Ans 40'!D47) -> 0.1275225 | S7: =AVERAGE('Ans 1:Ans 40'!E47) -> 0 | T7: =AVERAGE('Ans 1:Ans 40'!F47) -> 0.1304425 | U7: =AVERAGE('Ans 1:Ans 40'!G47) -> 0.13864 | V7: =AVERAGE('Ans 1:Ans 40'!H47) -> 0.284145 | W7: =AVERAGE('Ans 1:Ans 40'!I47) -> 0.11184 | ... AA7: =AVERAGE('Ans 1:Ans 40'!M47) -> 0.2215375 | AC7: DRI5 | AD7: =AVERAGE('Ans 1:Ans 40'!B61) -> 0.18029 | AE7: =AVERAGE('Ans 1:Ans 40'!C61) -> 0.1841675 | AF7: =AVERAGE('Ans 1:Ans 40'!D61) -> 0.1836125 | AG7: =AVERAGE('Ans 1:Ans 40'!E61) -> 0 | AH7: =AVERAGE('Ans 1:Ans 40'!F61) -> 0.2041525 | AI7: =AVERAGE('Ans 1:Ans 40'!G61) -> 0.1955825 | AJ7: =AVERAGE('Ans 1:Ans 40'!H61) -> 0.3561 | AK7: =AVERAGE('Ans 1:Ans 40'!I61) -> 0.175255 | ... AO7: =AVERAGE('Ans 1:Ans 40'!M61) -> 0.280665
A8: DRI6 | B8: =AVERAGE('Ans 1:Ans 40'!B34) -> 0.00386 | C8: =AVERAGE('Ans 1:Ans 40'!C34) -> 0.00707 | D8: =AVERAGE('Ans 1:Ans 40'!D34) -> 0.0056275 | E8: =AVERAGE('Ans 1:Ans 40'!E34) -> 0.0053025 | F8: =AVERAGE('Ans 1:Ans 40'!F34) -> 0 | G8: =AVERAGE('Ans 1:Ans 40'!G34) -> 0.177395 | H8: =AVERAGE('Ans 1:Ans 40'!H34) -> 0.009485 | I8: =AVERAGE('Ans 1:Ans 40'!I34) -> 0.0123725 | ... M8: =AVERAGE('Ans 1:Ans 40'!M34) -> 0.0088375 | O8: DRI6 | P8: =AVERAGE('Ans 1:Ans 40'!B48) -> 0.0375625 | Q8: =AVERAGE('Ans 1:Ans 40'!C48) -> 0.0490825 | R8: =AVERAGE('Ans 1:Ans 40'!D48) -> 0.0302875 | S8: =AVERAGE('Ans 1:Ans 40'!E48) -> 0.0363825 | T8: =AVERAGE('Ans 1:Ans 40'!F48) -> 0 | U8: =AVERAGE('Ans 1:Ans 40'!G48) -> 0.263585 | V8: =AVERAGE('Ans 1:Ans 40'!H48) -> 0.0495925 | W8: =AVERAGE('Ans 1:Ans 40'!I48) -> 0.0526225 | ... AA8: =AVERAGE('Ans 1:Ans 40'!M48) -> 0.04627 | AC8: DRI6 | AD8: =AVERAGE('Ans 1:Ans 40'!B62) -> 0.09591 | AE8: =AVERAGE('Ans 1:Ans 40'!C62) -> 0.112465 | AF8: =AVERAGE('Ans 1:Ans 40'!D62) -> 0.0919675 | AG8: =AVERAGE('Ans 1:Ans 40'!E62) -> 0.096245 | AH8: =AVERAGE('Ans 1:Ans 40'!F62) -> 0 | AI8: =AVERAGE('Ans 1:Ans 40'!G62) -> 0.31967 | AJ8: =AVERAGE('Ans 1:Ans 40'!H62) -> 0.116835 | AK8: =AVERAGE('Ans 1:Ans 40'!I62) -> 0.1179975 | ... AO8: =AVERAGE('Ans 1:Ans 40'!M62) -> 0.1107
A9: DRI7 | B9: =AVERAGE('Ans 1:Ans 40'!B35) -> 0.007395 | C9: =AVERAGE('Ans 1:Ans 40'!C35) -> 0.00707 | D9: =AVERAGE('Ans 1:Ans 40'!D35) -> 0.003535 | E9: =AVERAGE('Ans 1:Ans 40'!E35) -> 0.00707 | F9: =AVERAGE('Ans 1:Ans 40'!F35) -> 0.0053025 | G9: =AVERAGE('Ans 1:Ans 40'!G35) -> 0 | H9: =AVERAGE('Ans 1:Ans 40'!H35) -> 0.0056275 | I9: =AVERAGE('Ans 1:Ans 40'!I35) -> 0.0091625 | ... M9: =AVERAGE('Ans 1:Ans 40'!M35) -> 0.0053025 | O9: DRI7 | P9: =AVERAGE('Ans 1:Ans 40'!B49) -> 0.04198 | Q9: =AVERAGE('Ans 1:Ans 40'!C49) -> 0.038075 | R9: =AVERAGE('Ans 1:Ans 40'!D49) -> 0.03794 | S9: =AVERAGE('Ans 1:Ans 40'!E49) -> 0.0365 | T9: =AVERAGE('Ans 1:Ans 40'!F49) -> 0.0363125 | U9: =AVERAGE('Ans 1:Ans 40'!G49) -> 0 | V9: =AVERAGE('Ans 1:Ans 40'!H49) -> 0.040105 | W9: =AVERAGE('Ans 1:Ans 40'!I49) -> 0.037035 | ... AA9: =AVERAGE('Ans 1:Ans 40'!M49) -> 0.038615 | AC9: DRI7 | AD9: =AVERAGE('Ans 1:Ans 40'!B63) -> 0.107955 | AE9: =AVERAGE('Ans 1:Ans 40'!C63) -> 0.1001125 | AF9: =AVERAGE('Ans 1:Ans 40'!D63) -> 0.1035175 | AG9: =AVERAGE('Ans 1:Ans 40'!E63) -> 0.1007125 | AH9: =AVERAGE('Ans 1:Ans 40'!F63) -> 0.1000175 | AI9: =AVERAGE('Ans 1:Ans 40'!G63) -> 0 | AJ9: =AVERAGE('Ans 1:Ans 40'!H63) -> 0.106085 | AK9: =AVERAGE('Ans 1:Ans 40'!I63) -> 0.1041 | ... AO9: =AVERAGE('Ans 1:Ans 40'!M63) -> 0.0992025
A10: DRI9 | B10: =AVERAGE('Ans 1:Ans 40'!B36) -> 0.028415 | C10: =AVERAGE('Ans 1:Ans 40'!C36) -> 0.0280175 | D10: =AVERAGE('Ans 1:Ans 40'!D36) -> 0.0266475 | E10: =AVERAGE('Ans 1:Ans 40'!E36) -> 0.0266475 | F10: =AVERAGE('Ans 1:Ans 40'!F36) -> 0.0280175 | G10: =AVERAGE('Ans 1:Ans 40'!G36) -> 0.0308325 | H10: =AVERAGE('Ans 1:Ans 40'!H36) -> 0 | I10: =AVERAGE('Ans 1:Ans 40'!I36) -> 0.017675 | ... M10: =AVERAGE('Ans 1:Ans 40'!M36) -> 0.02625 | O10: DRI9 | P10: =AVERAGE('Ans 1:Ans 40'!B50) -> 0.06917 | Q10: =AVERAGE('Ans 1:Ans 40'!C50) -> 0.061175 | R10: =AVERAGE('Ans 1:Ans 40'!D50) -> 0.059405 | S10: =AVERAGE('Ans 1:Ans 40'!E50) -> 0.06805 | T10: =AVERAGE('Ans 1:Ans 40'!F50) -> 0.0598675 | U10: =AVERAGE('Ans 1:Ans 40'!G50) -> 0.0654275 | V10: =AVERAGE('Ans 1:Ans 40'!H50) -> 0 | W10: =AVERAGE('Ans 1:Ans 40'!I50) -> 0.064195 | ... AA10: =AVERAGE('Ans 1:Ans 40'!M50) -> 0.0640875 | AC10: DRI9 | AD10: =AVERAGE('Ans 1:Ans 40'!B64) -> 0.12659 | AE10: =AVERAGE('Ans 1:Ans 40'!C64) -> 0.1196975 | AF10: =AVERAGE('Ans 1:Ans 40'!D64) -> 0.1179475 | AG10: =AVERAGE('Ans 1:Ans 40'!E64) -> 0.12496 | AH10: =AVERAGE('Ans 1:Ans 40'!F64) -> 0.11842 | AI10: =AVERAGE('Ans 1:Ans 40'!G64) -> 0.1267275 | AJ10: =AVERAGE('Ans 1:Ans 40'!H64) -> 0 | AK10: =AVERAGE('Ans 1:Ans 40'!I64) -> 0.126015 | ... AO10: =AVERAGE('Ans 1:Ans 40'!M64) -> 0.1213975
A11: DRI10 | B11: =AVERAGE('Ans 1:Ans 40'!B37) -> 0.00707 | C11: =AVERAGE('Ans 1:Ans 40'!C37) -> 0.0017675 | D11: =AVERAGE('Ans 1:Ans 40'!D37) -> 0.0056275 | E11: =AVERAGE('Ans 1:Ans 40'!E37) -> 0.0056275 | F11: =AVERAGE('Ans 1:Ans 40'!F37) -> 0.00386 | G11: =AVERAGE('Ans 1:Ans 40'!G37) -> 0.003535 | H11: =AVERAGE('Ans 1:Ans 40'!H37) -> 0.0017675 | I11: =AVERAGE('Ans 1:Ans 40'!I37) -> 0 | ... M11: =AVERAGE('Ans 1:Ans 40'!M37) -> 0.194175 | O11: DRI10 | P11: =AVERAGE('Ans 1:Ans 40'!B51) -> 0.0372925 | Q11: =AVERAGE('Ans 1:Ans 40'!C51) -> 0.03055 | R11: =AVERAGE('Ans 1:Ans 40'!D51) -> 0.036965 | S11: =AVERAGE('Ans 1:Ans 40'!E51) -> 0.0333575 | T11: =AVERAGE('Ans 1:Ans 40'!F51) -> 0.03545 | U11: =AVERAGE('Ans 1:Ans 40'!G51) -> 0.0419775 | V11: =AVERAGE('Ans 1:Ans 40'!H51) -> 0.026435 | W11: =AVERAGE('Ans 1:Ans 40'!I51) -> 0 | ... AA11: =AVERAGE('Ans 1:Ans 40'!M51) -> 0.28541 | AC11: DRI10 | AD11: =AVERAGE('Ans 1:Ans 40'!B65) -> 0.1015725 | AE11: =AVERAGE('Ans 1:Ans 40'!C65) -> 0.094145 | AF11: =AVERAGE('Ans 1:Ans 40'!D65) -> 0.1000225 | AG11: =AVERAGE('Ans 1:Ans 40'!E65) -> 0.09771 | AH11: =AVERAGE('Ans 1:Ans 40'!F65) -> 0.1001575 | AI11: =AVERAGE('Ans 1:Ans 40'!G65) -> 0.1049775 | AJ11: =AVERAGE('Ans 1:Ans 40'!H65) -> 0.0910475 | AK11: =AVERAGE('Ans 1:Ans 40'!I65) -> 0 | ... AO11: =AVERAGE('Ans 1:Ans 40'!M65) -> 0.344015
A12: DRI11 | B12: =AVERAGE('Ans 1:Ans 40'!B38) -> 0.11036 | C12: =AVERAGE('Ans 1:Ans 40'!C38) -> 0.003535 | D12: =AVERAGE('Ans 1:Ans 40'!D38) -> 0.0017675 | E12: =AVERAGE('Ans 1:Ans 40'!E38) -> 0.004185 | F12: =AVERAGE('Ans 1:Ans 40'!F38) -> 0.0017675 | G12: =AVERAGE('Ans 1:Ans 40'!G38) -> 0.0056275 | H12: =AVERAGE('Ans 1:Ans 40'!H38) -> 0.17643 | I12: =AVERAGE('Ans 1:Ans 40'!I38) -> 0.0020925 | ... M12: =AVERAGE('Ans 1:Ans 40'!M38) -> 0.2224875 | O12: DRI11 | P12: =AVERAGE('Ans 1:Ans 40'!B52) -> 0.191415 | Q12: =AVERAGE('Ans 1:Ans 40'!C52) -> 0.0303575 | R12: =AVERAGE('Ans 1:Ans 40'!D52) -> 0.030155 | S12: =AVERAGE('Ans 1:Ans 40'!E52) -> 0.0377175 | T12: =AVERAGE('Ans 1:Ans 40'!F52) -> 0.0241975 | U12: =AVERAGE('Ans 1:Ans 40'!G52) -> 0.03206 | V12: =AVERAGE('Ans 1:Ans 40'!H52) -> 0.2531 | W12: =AVERAGE('Ans 1:Ans 40'!I52) -> 0.038265 | ... AA12: =AVERAGE('Ans 1:Ans 40'!M52) -> 0.3159875 | AC12: DRI11 | AD12: =AVERAGE('Ans 1:Ans 40'!B66) -> 0.272515 | AE12: =AVERAGE('Ans 1:Ans 40'!C66) -> 0.0918875 | AF12: =AVERAGE('Ans 1:Ans 40'!D66) -> 0.0980875 | AG12: =AVERAGE('Ans 1:Ans 40'!E66) -> 0.0990975 | AH12: =AVERAGE('Ans 1:Ans 40'!F66) -> 0.087935 | AI12: =AVERAGE('Ans 1:Ans 40'!G66) -> 0.0989175 | AJ12: =AVERAGE('Ans 1:Ans 40'!H66) -> 0.300715 | AK12: =AVERAGE('Ans 1:Ans 40'!I66) -> 0.1034075 | ... AO12: =AVERAGE('Ans 1:Ans 40'!M66) -> 0.3739
A13: DRI13 | B13: =AVERAGE('Ans 1:Ans 40'!B39) -> 0.0053025 | C13: =AVERAGE('Ans 1:Ans 40'!C39) -> 0.003535 | D13: =AVERAGE('Ans 1:Ans 40'!D39) -> 0.003535 | E13: =AVERAGE('Ans 1:Ans 40'!E39) -> 0.01093 | F13: =AVERAGE('Ans 1:Ans 40'!F39) -> 0.003535 | G13: =AVERAGE('Ans 1:Ans 40'!G39) -> 0.0059525 | H13: =AVERAGE('Ans 1:Ans 40'!H39) -> 0.003535 | I13: =AVERAGE('Ans 1:Ans 40'!I39) -> 0.0091625 | ... M13: =AVERAGE('Ans 1:Ans 40'!M39) -> 0.004185 | O13: DRI13 | P13: =AVERAGE('Ans 1:Ans 40'!B53) -> 0.031805 | Q13: =AVERAGE('Ans 1:Ans 40'!C53) -> 0.034225 | R13: =AVERAGE('Ans 1:Ans 40'!D53) -> 0.0387975 | S13: =AVERAGE('Ans 1:Ans 40'!E53) -> 0.049125 | T13: =AVERAGE('Ans 1:Ans 40'!F53) -> 0.033865 | U13: =AVERAGE('Ans 1:Ans 40'!G53) -> 0.0395575 | V13: =AVERAGE('Ans 1:Ans 40'!H53) -> 0.0306175 | W13: =AVERAGE('Ans 1:Ans 40'!I53) -> 0.0437025 | ... AA13: =AVERAGE('Ans 1:Ans 40'!M53) -> 0.0275875 | AC13: DRI13 | AD13: =AVERAGE('Ans 1:Ans 40'!B67) -> 0.0922575 | AE13: =AVERAGE('Ans 1:Ans 40'!C67) -> 0.096835 | AF13: =AVERAGE('Ans 1:Ans 40'!D67) -> 0.0994925 | AG13: =AVERAGE('Ans 1:Ans 40'!E67) -> 0.11398 | AH13: =AVERAGE('Ans 1:Ans 40'!F67) -> 0.0985025 | AI13: =AVERAGE('Ans 1:Ans 40'!G67) -> 0.10304 | AJ13: =AVERAGE('Ans 1:Ans 40'!H67) -> 0.094395 | AK13: =AVERAGE('Ans 1:Ans 40'!I67) -> 0.106605 | ... AO13: =AVERAGE('Ans 1:Ans 40'!M67) -> 0.0893775
A14: DRI14 | B14: =AVERAGE('Ans 1:Ans 40'!B40) -> 0.0088375 | C14: =AVERAGE('Ans 1:Ans 40'!C40) -> 0.003535 | D14: =AVERAGE('Ans 1:Ans 40'!D40) -> 0.007395 | E14: =AVERAGE('Ans 1:Ans 40'!E40) -> 0.0053025 | F14: =AVERAGE('Ans 1:Ans 40'!F40) -> 0.003535 | G14: =AVERAGE('Ans 1:Ans 40'!G40) -> 0.003535 | H14: =AVERAGE('Ans 1:Ans 40'!H40) -> 0.0053025 | I14: =AVERAGE('Ans 1:Ans 40'!I40) -> 0.0053025 | ... M14: =AVERAGE('Ans 1:Ans 40'!M40) -> 0.2301675 | O14: DRI14 | P14: =AVERAGE('Ans 1:Ans 40'!B54) -> 0.0368525 | Q14: =AVERAGE('Ans 1:Ans 40'!C54) -> 0.029965 | R14: =AVERAGE('Ans 1:Ans 40'!D54) -> 0.0407525 | S14: =AVERAGE('Ans 1:Ans 40'!E54) -> 0.033505 | T14: =AVERAGE('Ans 1:Ans 40'!F54) -> 0.030645 | U14: =AVERAGE('Ans 1:Ans 40'!G54) -> 0.0390175 | V14: =AVERAGE('Ans 1:Ans 40'!H54) -> 0.03371 | W14: =AVERAGE('Ans 1:Ans 40'!I54) -> 0.032705 | ... AA14: =AVERAGE('Ans 1:Ans 40'!M54) -> 0.321575 | AC14: DRI14 | AD14: =AVERAGE('Ans 1:Ans 40'!B68) -> 0.097375 | AE14: =AVERAGE('Ans 1:Ans 40'!C68) -> 0.0886375 | AF14: =AVERAGE('Ans 1:Ans 40'!D68) -> 0.1069475 | AG14: =AVERAGE('Ans 1:Ans 40'!E68) -> 0.0988025 | AH14: =AVERAGE('Ans 1:Ans 40'!F68) -> 0.092875 | AI14: =AVERAGE('Ans 1:Ans 40'!G68) -> 0.100735 | AJ14: =AVERAGE('Ans 1:Ans 40'!H68) -> 0.09369 | AK14: =AVERAGE('Ans 1:Ans 40'!I68) -> 0.0924925 | ... AO14: =AVERAGE('Ans 1:Ans 40'!M68) -> 0.3673
A15: DRI15 | B15: =AVERAGE('Ans 1:Ans 40'!B41) -> 0.00707 | C15: =AVERAGE('Ans 1:Ans 40'!C41) -> 0.003535 | D15: =AVERAGE('Ans 1:Ans 40'!D41) -> 0.007395 | E15: =AVERAGE('Ans 1:Ans 40'!E41) -> 0.0130225 | F15: =AVERAGE('Ans 1:Ans 40'!F41) -> 0.01093 | G15: =AVERAGE('Ans 1:Ans 40'!G41) -> 0.0091625 | H15: =AVERAGE('Ans 1:Ans 40'!H41) -> 0.0056275 | I15: =AVERAGE('Ans 1:Ans 40'!I41) -> 0.0099525 | ... M15: =AVERAGE('Ans 1:Ans 40'!M41) -> 0 | O15: DRI15 | P15: =AVERAGE('Ans 1:Ans 40'!B55) -> 0.045105 | Q15: =AVERAGE('Ans 1:Ans 40'!C55) -> 0.03934 | R15: =AVERAGE('Ans 1:Ans 40'!D55) -> 0.0347325 | S15: =AVERAGE('Ans 1:Ans 40'!E55) -> 0.045865 | T15: =AVERAGE('Ans 1:Ans 40'!F55) -> 0.04515 | U15: =AVERAGE('Ans 1:Ans 40'!G55) -> 0.0351475 | V15: =AVERAGE('Ans 1:Ans 40'!H55) -> 0.035665 | W15: =AVERAGE('Ans 1:Ans 40'!I55) -> 0.041935 | ... AA15: =AVERAGE('Ans 1:Ans 40'!M55) -> 0 | AC15: DRI15 | AD15: =AVERAGE('Ans 1:Ans 40'!B69) -> 0.1053 | AE15: =AVERAGE('Ans 1:Ans 40'!C69) -> 0.1049525 | AF15: =AVERAGE('Ans 1:Ans 40'!D69) -> 0.0979675 | AG15: =AVERAGE('Ans 1:Ans 40'!E69) -> 0.10899 | AH15: =AVERAGE('Ans 1:Ans 40'!F69) -> 0.1105575 | AI15: =AVERAGE('Ans 1:Ans 40'!G69) -> 0.0960625 | AJ15: =AVERAGE('Ans 1:Ans 40'!H69) -> 0.09644 | AK15: =AVERAGE('Ans 1:Ans 40'!I69) -> 0.1073325 | ... AO15: =AVERAGE('Ans 1:Ans 40'!M69) -> 0
A17: Ma trận quan hệ trực tiếp dạng số thực DF
B19: DRI1 | C19: DRI3 | D19: DRI4 | E19: DRI5 | F19: DRI6 | G19: DRI7 | H19: DRI9 | I19: DRI10 | J19: DRI11 | K19: DRI13 | L19: DRI14 | M19: DRI15 | N19: Tổng
A20: DRI1 | B20: =(B4+(P4*P4)+AD4)/74 -> 0 | C20: =(C4+(Q4*Q4)+AE4)/74 -> 0.0076348781 | D20: =(D4+(R4*R4)+AF4)/74 -> 0.0076368729 | E20: =(E4+(S4*S4)+AG4)/74 -> 0.0026981777 | F20: =(F4+(T4*T4)+AH4)/74 -> 0.0039511183 | G20: =(G4+(U4*U4)+AI4)/74 -> 0.0024707297 | H20: =(H4+(V4*V4)+AJ4)/74 -> 0.0030619028 | I20: =(I4+(W4*W4)+AK4)/74 -> 0.0022910177 | ... M20: =(M4+(AA4*AA4)+AO4)/74 -> 0.002852237 | N20: =SUM(B20:M20) -> 0.045916465
A21: DRI3 | B21: =(B5+(P5*P5)+AD5)/74 -> 0.00262067 | C21: =(C5+(Q5*Q5)+AE5)/74 -> 0 | D21: =(D5+(R5*R5)+AF5)/74 -> 0.010045244 | E21: =(E5+(S5*S5)+AG5)/74 -> 0.0087362958 | F21: =(F5+(T5*T5)+AH5)/74 -> 0.0037232607 | G21: =(G5+(U5*U5)+AI5)/74 -> 0.0066589654 | H21: =(H5+(V5*V5)+AJ5)/74 -> 0.0067353117 | I21: =(I5+(W5*W5)+AK5)/74 -> 0.0020437546 | ... M21: =(M5+(AA5*AA5)+AO5)/74 -> 0.0090251835 | N21: =SUM(B21:M21) -> 0.073799163
A22: DRI4 | B22: =(B6+(P6*P6)+AD6)/74 -> 0.0039021216 | C22: =(C6+(Q6*Q6)+AE6)/74 -> 0.0012817437 | D22: =(D6+(R6*R6)+AF6)/74 -> 0 | E22: =(E6+(S6*S6)+AG6)/74 -> 0.0040204737 | F22: =(F6+(T6*T6)+AH6)/74 -> 0.0014958424 | G22: =(G6+(U6*U6)+AI6)/74 -> 0.0038874294 | H22: =(H6+(V6*V6)+AJ6)/74 -> 0.0041888557 | I22: =(I6+(W6*W6)+AK6)/74 -> 0.0017387106 | ... M22: =(M6+(AA6*AA6)+AO6)/74 -> 0.0093415369 | N22: =SUM(B22:M22) -> 0.058316792
A23: DRI5 | B23: =(B7+(P7*P7)+AD7)/74 -> 0.0036731293 | C23: =(C7+(Q7*Q7)+AE7)/74 -> 0.0037990752 | D23: =(D7+(R7*R7)+AF7)/74 -> 0.003696885 | E23: =(E7+(S7*S7)+AG7)/74 -> 0 | F23: =(F7+(T7*T7)+AH7)/74 -> 0.0039253412 | G23: =(G7+(U7*U7)+AI7)/74 -> 0.0040218047 | H23: =(H7+(V7*V7)+AJ7)/74 -> 0.00854562 | I23: =(I7+(W7*W7)+AK7)/74 -> 0.0033548403 | ... M23: =(M7+(AA7*AA7)+AO7)/74 -> 0.0064522482 | N23: =SUM(B23:M23) -> 0.058735419
A24: DRI6 | B24: =(B8+(P8*P8)+AD8)/74 -> 0.00136731 | C24: =(C8+(Q8*Q8)+AE8)/74 -> 0.0016478931 | D24: =(D8+(R8*R8)+AF8)/74 -> 0.0013312477 | E24: =(E8+(S8*S8)+AG8)/74 -> 0.0013901512 | F24: =(F8+(T8*T8)+AH8)/74 -> 0 | G24: =(G8+(U8*U8)+AI8)/74 -> 0.0076559737 | H24: =(H8+(V8*V8)+AJ8)/74 -> 0.0017402624 | I24: =(I8+(W8*W8)+AK8)/74 -> 0.0017991774 | ... M24: =(M8+(AA8*AA8)+AO8)/74 -> 0.0016443029 | N24: =SUM(B24:M24) -> 0.038319636
A25: DRI7 | B25: =(B9+(P9*P9)+AD9)/74 -> 0.0015825989 | C25: =(C9+(Q9*Q9)+AE9)/74 -> 0.0014680028 | D25: =(D9+(R9*R9)+AF9)/74 -> 0.0014661073 | E25: =(E9+(S9*S9)+AG9)/74 -> 0.0014745236 | F25: =(F9+(T9*T9)+AH9)/74 -> 0.0014410621 | G25: =(G9+(U9*U9)+AI9)/74 -> 0 | H25: =(H9+(V9*V9)+AJ9)/74 -> 0.0015313637 | I25: =(I9+(W9*W9)+AK9)/74 -> 0.0015491093 | ... M25: =(M9+(AA9*AA9)+AO9)/74 -> 0.00143238 | N25: =SUM(B25:M25) -> 0.022120307
A26: DRI9 | B26: =(B10+(P10*P10)+AD10)/74 -> 0.0021593174 | C26: =(C10+(Q10*Q10)+AE10)/74 -> 0.0020467214 | D26: =(D10+(R10*R10)+AF10)/74 -> 0.0020016751 | E26: =(E10+(S10*S10)+AG10)/74 -> 0.0021113284 | F26: =(F10+(T10*T10)+AH10)/74 -> 0.0020273192 | G26: =(G10+(U10*U10)+AI10)/74 -> 0.0021870373 | H26: =(H10+(V10*V10)+AJ10)/74 -> 0 | I26: =(I10+(W10*W10)+AK10)/74 -> 0.0019974459 | ... M26: =(M10+(AA10*AA10)+AO10)/74 -> 0.0020507393 | N26: =SUM(B26:M26) -> 0.023615106
A27: DRI10 | B27: =(B11+(P11*P11)+AD11)/74 -> 0.0014869355 | C27: =(C11+(Q11*Q11)+AE11)/74 -> 0.0013087271 | D27: =(D11+(R11*R11)+AF11)/74 -> 0.0014461677 | E27: =(E11+(S11*S11)+AG11)/74 -> 0.0014114895 | F27: =(F11+(T11*T11)+AH11)/74 -> 0.0014226244 | G27: =(G11+(U11*U11)+AI11)/74 -> 0.0014901974 | H27: =(H11+(V11*V11)+AJ11)/74 -> 0.0012637001 | I27: =(I11+(W11*W11)+AK11)/74 -> 0 | ... M27: =(M11+(AA11*AA11)+AO11)/74 -> 0.0083736334 | N27: =SUM(B27:M27) -> 0.042681052
A28: DRI11 | B28: =(B12+(P12*P12)+AD12)/74 -> 0.0056691176 | C28: =(C12+(Q12*Q12)+AE12)/74 -> 0.001301947 | D28: =(D12+(R12*R12)+AF12)/74 -> 0.0013616801 | E28: =(E12+(S12*S12)+AG12)/74 -> 0.0014149339 | F28: =(F12+(T12*T12)+AH12)/74 -> 0.0012201084 | G28: =(G12+(U12*U12)+AI12)/74 -> 0.00142666 | H28: =(H12+(V12*V12)+AJ12)/74 -> 0.0073135758 | I28: =(I12+(W12*W12)+AK12)/74 -> 0.0014454623 | ... M28: =(M12+(AA12*AA12)+AO12)/74 -> 0.0094085892 | N28: =SUM(B28:M28) -> 0.0495311
A29: DRI13 | B29: =(B13+(P13*P13)+AD13)/74 -> 0.0013320481 | C29: =(C13+(Q13*Q13)+AE13)/74 -> 0.0013721804 | D29: =(D13+(R13*R13)+AF13)/74 -> 0.0014126047 | E29: =(E13+(S13*S13)+AG13)/74 -> 0.0017205847 | F29: =(F13+(T13*T13)+AH13)/74 -> 0.0013943829 | G29: =(G13+(U13*U13)+AI13)/74 -> 0.0014940175 | H29: =(H13+(V13*V13)+AJ13)/74 -> 0.0013360464 | I29: =(I13+(W13*W13)+AK13)/74 -> 0.0015902353 | ... M29: =(M13+(AA13*AA13)+AO13)/74 -> 0.0012746428 | N29: =SUM(B29:M29) -> 0.015968571
A30: DRI14 | B30: =(B14+(P14*P14)+AD14)/74 -> 0.0014536568 | C30: =(C14+(Q14*Q14)+AE14)/74 -> 0.0012577081 | D30: =(D14+(R14*R14)+AF14)/74 -> 0.0015676117 | E30: =(E14+(S14*S14)+AG14)/74 -> 0.0014219944 | F30: =(F14+(T14*T14)+AH14)/74 -> 0.0013155286 | G30: =(G14+(U14*U14)+AI14)/74 -> 0.0014296266 | H30: =(H14+(V14*V14)+AJ14)/74 -> 0.0013530928 | I30: =(I14+(W14*W14)+AK14)/74 -> 0.0013360083 | ... M30: =(M14+(AA14*AA14)+AO14)/74 -> 0.0094713241 | N30: =SUM(B30:M30) -> 0.023411212
A31: DRI15 | B31: =(B15+(P15*P15)+AD15)/74 -> 0.0015460062 | C31: =(C15+(Q15*Q15)+AE15)/74 -> 0.0014869613 | D31: =(D15+(R15*R15)+AF15)/74 -> 0.0014401195 | E31: =(E15+(S15*S15)+AG15)/74 -> 0.0016772446 | F31: =(F15+(T15*T15)+AH15)/74 -> 0.0016692706 | G31: =(G15+(U15*U15)+AI15)/74 -> 0.0014386533 | H31: =(H15+(V15*V15)+AJ15)/74 -> 0.0013964796 | I31: =(I15+(W15*W15)+AK15)/74 -> 0.0016086965 | ... M31: =(M15+(AA15*AA15)+AO15)/74 -> 0 | N31: =SUM(B31:M31) -> 0.017258562
A32: Tổng | B32: =SUM(B20:B31) -> 0.026792912 | C32: =SUM(C20:C31) -> 0.024605838 | D32: =SUM(D20:D31) -> 0.033406215 | E32: =SUM(E20:E31) -> 0.028077197 | F32: =SUM(F20:F31) -> 0.023585859 | G32: =SUM(G20:G31) -> 0.034161095 | H32: =SUM(H20:H31) -> 0.038466211 | I32: =SUM(I20:I31) -> 0.020754458 | ... M32: =SUM(M20:M31) -> 0.061326817 | N32: Hệ số chuẩn hóa
N33: =MAX(B32:M32,N20:N31) -> 0.073799163
A34: Ma trận chuẩn hóa NDF | P34: Ma trận đơn vị (I) | AC34: I-NDF
AP35: Ngịch đảo (I-NDF)
B36: DRI1 | C36: DRI3 | D36: DRI4 | E36: DRI5 | F36: DRI6 | G36: DRI7 | H36: DRI9 | I36: DRI10 | J36: DRI11 | K36: DRI13 | L36: DRI14 | M36: DRI15
A37: DRI1 | B37: =B20/$N$33 -> 0 | C37: =C20/$N$33 -> 0.10345481 | D37: =D20/$N$33 -> 0.10348184 | E37: =E20/$N$33 -> 0.036561087 | F37: =F20/$N$33 -> 0.053538795 | G37: =G20/$N$33 -> 0.033479101 | H37: =H20/$N$33 -> 0.041489668 | I37: =I20/$N$33 -> 0.031043952 | ... M37: =M20/$N$33 -> 0.038648636 | P37: 1 | Q37: 0 | R37: 0 | S37: 0 | T37: 0 | U37: 0 | V37: 0 | W37: 0 | X37: 0 | Y37: 0 | Z37: 0 | AA37: 0 | AC37: =P37-B37 -> 1 | AD37: =Q37-C37 -> -0.10345481 | AE37: =R37-D37 -> -0.10348184 | AF37: =S37-E37 -> -0.036561087 | AG37: =T37-F37 -> -0.053538795 | AH37: =U37-G37 -> -0.033479101 | AI37: =V37-H37 -> -0.041489668 | AJ37: =W37-I37 -> -0.031043952 | ... AN37: =AA37-M37 -> -0.038648636 | AP37: {=MINVERSE(AC37:AN48)} -> 1.0472452 | AQ37: 0.13359663 | AR37: 0.14943218 | AS37: 0.082109625 | AT37: 0.086993542 | AU37: 0.084391263 | AV37: 0.10518883 | AW37: 0.062123333 | AX37: 0.19611721 | AY37: 0.13116882 | AZ37: 0.12227863 | BA37: 0.13941622
A38: DRI3 | B38: =B21/$N$33 -> 0.035510837 | C38: =C21/$N$33 -> 0 | D38: =D21/$N$33 -> 0.13611596 | E38: =E21/$N$33 -> 0.11837933 | F38: =F21/$N$33 -> 0.050451259 | G38: =G21/$N$33 -> 0.090230907 | H38: =H21/$N$33 -> 0.09126542 | I38: =I21/$N$33 -> 0.027693465 | ... M38: =M21/$N$33 -> 0.12229385 | P38: 0 | Q38: 1 | R38: 0 | S38: 0 | T38: 0 | U38: 0 | V38: 0 | W38: 0 | X38: 0 | Y38: 0 | Z38: 0 | AA38: 0 | AC38: =P38-B38 -> -0.035510837 | AD38: =Q38-C38 -> 1 | AE38: =R38-D38 -> -0.13611596 | AF38: =S38-E38 -> -0.11837933 | AG38: =T38-F38 -> -0.050451259 | AH38: =U38-G38 -> -0.090230907 | AI38: =V38-H38 -> -0.09126542 | AJ38: =W38-I38 -> -0.027693465 | ... AN38: =AA38-M38 -> -0.12229385 | AP38: 0.096793234 | AQ38: 1.049881 | AR38: 0.18985924 | AS38: 0.16856446 | AT38: 0.097304569 | AU38: 0.15153324 | AV38: 0.1702699 | AW38: 0.072831755 | AX38: 0.20781139 | AY38: 0.25095248 | AZ38: 0.20021676 | BA38: 0.2455332
A39: DRI4 | B39: =B22/$N$33 -> 0.052874875 | C39: =C22/$N$33 -> 0.017367998 | D39: =D22/$N$33 -> 0 | E39: =E22/$N$33 -> 0.054478581 | F39: =F22/$N$33 -> 0.020269097 | G39: =G22/$N$33 -> 0.052675792 | H39: =H22/$N$33 -> 0.056760206 | I39: =I22/$N$33 -> 0.023560031 | ... M39: =M22/$N$33 -> 0.12658053 | P39: 0 | Q39: 0 | R39: 1 | S39: 0 | T39: 0 | U39: 0 | V39: 0 | W39: 0 | X39: 0 | Y39: 0 | Z39: 0 | AA39: 0 | AC39: =P39-B39 -> -0.052874875 | AD39: =Q39-C39 -> -0.017367998 | AE39: =R39-D39 -> 1 | AF39: =S39-E39 -> -0.054478581 | AG39: =T39-F39 -> -0.020269097 | AH39: =U39-G39 -> -0.052675792 | AI39: =V39-H39 -> -0.056760206 | AJ39: =W39-I39 -> -0.023560031 | ... AN39: =AA39-M39 -> -0.12658053 | AP39: 0.097228539 | AQ39: 0.055443228 | AR39: 1.0454243 | AS39: 0.091870767 | AT39: 0.055871555 | AU39: 0.094843447 | AV39: 0.11504353 | AW39: 0.056590121 | AX39: 0.20478778 | AY39: 0.21680186 | AZ39: 0.18483726 | BA39: 0.21717889
A40: DRI5 | B40: =B23/$N$33 -> 0.049771964 | C40: =C23/$N$33 -> 0.051478567 | D40: =D23/$N$33 -> 0.05009386 | E40: =E23/$N$33 -> 0 | F40: =F23/$N$33 -> 0.053189508 | G40: =G23/$N$33 -> 0.054496617 | H40: =H23/$N$33 -> 0.11579562 | I40: =I23/$N$33 -> 0.045459057 | ... M40: =M23/$N$33 -> 0.087429828 | P40: 0 | Q40: 0 | R40: 0 | S40: 1 | T40: 0 | U40: 0 | V40: 0 | W40: 0 | X40: 0 | Y40: 0 | Z40: 0 | AA40: 0 | AC40: =P40-B40 -> -0.049771964 | AD40: =Q40-C40 -> -0.051478567 | AE40: =R40-D40 -> -0.05009386 | AF40: =S40-E40 -> 1 | AG40: =T40-F40 -> -0.053189508 | AH40: =U40-G40 -> -0.054496617 | AI40: =V40-H40 -> -0.11579562 | AJ40: =W40-I40 -> -0.045459057 | ... AN40: =AA40-M40 -> -0.087429828 | AP40: 0.097427538 | AQ40: 0.089450356 | AR40: 0.099067881 | AS40: 1.0452706 | AT40: 0.089651237 | AU40: 0.10403379 | AV40: 0.17485134 | AW40: 0.079317272 | AX40: 0.20731594 | AY40: 0.1425363 | AZ40: 0.1973672 | BA40: 0.19073013
A41: DRI6 | B41: =B24/$N$33 -> 0.018527446 | C41: =C24/$N$33 -> 0.022329428 | D41: =D24/$N$33 -> 0.018038792 | E41: =E24/$N$33 -> 0.01883695 | F41: =F24/$N$33 -> 0 | G41: =G24/$N$33 -> 0.10374066 | H41: =H24/$N$33 -> 0.023581058 | I41: =I24/$N$33 -> 0.024379374 | ... M41: =M24/$N$33 -> 0.022280779 | P41: 0 | Q41: 0 | R41: 0 | S41: 0 | T41: 1 | U41: 0 | V41: 0 | W41: 0 | X41: 0 | Y41: 0 | Z41: 0 | AA41: 0 | AC41: =P41-B41 -> -0.018527446 | AD41: =Q41-C41 -> -0.022329428 | AE41: =R41-D41 -> -0.018038792 | AF41: =S41-E41 -> -0.01883695 | AG41: =T41-F41 -> 1 | AH41: =U41-G41 -> -0.10374066 | AI41: =V41-H41 -> -0.023581058 | AJ41: =W41-I41 -> -0.024379374 | ... AN41: =AA41-M41 -> -0.022280779 | AP41: 0.050635126 | AQ41: 0.04583704 | AR41: 0.047356022 | AS41: 0.04535954 | AT41: 1.0231328 | AU41: 0.12989763 | AV41: 0.065045121 | AW41: 0.045927896 | AX41: 0.17076224 | AY41: 0.1796199 | AZ41: 0.078190666 | BA41: 0.084766396
A42: DRI7 | B42: =B25/$N$33 -> 0.021444673 | C42: =C25/$N$33 -> 0.019891862 | D42: =D25/$N$33 -> 0.019866178 | E42: =E25/$N$33 -> 0.019980222 | F42: =F25/$N$33 -> 0.019526808 | G42: =G25/$N$33 -> 0 | H42: =H25/$N$33 -> 0.02075042 | I42: =I25/$N$33 -> 0.020990879 | ... M42: =M25/$N$33 -> 0.019409163 | P42: 0 | Q42: 0 | R42: 0 | S42: 0 | T42: 0 | U42: 1 | V42: 0 | W42: 0 | X42: 0 | Y42: 0 | Z42: 0 | AA42: 0 | AC42: =P42-B42 -> -0.021444673 | AD42: =Q42-C42 -> -0.019891862 | AE42: =R42-D42 -> -0.019866178 | AF42: =S42-E42 -> -0.019980222 | AG42: =T42-F42 -> -0.019526808 | AH42: =U42-G42 -> 1 | AI42: =V42-H42 -> -0.02075042 | AJ42: =W42-I42 -> -0.020990879 | ... AN42: =AA42-M42 -> -0.019409163 | AP42: 0.044145484 | AQ42: 0.036279509 | AR42: 0.040664337 | AS42: 0.03804425 | AT42: 0.035054288 | AU42: 1.0211658 | AV42: 0.051322859 | AW42: 0.035268165 | AX42: 0.13480278 | AY42: 0.064260465 | AZ42: 0.058218271 | BA42: 0.066412784
A43: DRI9 | B43: =B26/$N$33 -> 0.029259375 | C43: =C26/$N$33 -> 0.027733666 | D43: =D26/$N$33 -> 0.027123276 | E43: =E26/$N$33 -> 0.02860911 | F43: =F26/$N$33 -> 0.027470761 | G43: =G26/$N$33 -> 0.029634987 | H43: =H26/$N$33 -> 0 | I43: =I26/$N$33 -> 0.02706597 | ... M43: =M26/$N$33 -> 0.02778811 | P43: 0 | Q43: 0 | R43: 0 | S43: 0 | T43: 0 | U43: 0 | V43: 1 | W43: 0 | X43: 0 | Y43: 0 | Z43: 0 | AA43: 0 | AC43: =P43-B43 -> -0.029259375 | AD43: =Q43-C43 -> -0.027733666 | AE43: =R43-D43 -> -0.027123276 | AF43: =S43-E43 -> -0.02860911 | AG43: =T43-F43 -> -0.027470761 | AH43: =U43-G43 -> -0.029634987 | AI43: =V43-H43 -> 1 | AJ43: =W43-I43 -> -0.02706597 | ... AN43: =AA43-M43 -> -0.02778811 | AP43: 0.049003711 | AQ43: 0.04498435 | AR43: 0.049764054 | AS43: 0.048040057 | AT43: 0.044003822 | AU43: 0.052468911 | AV43: 1.0281779 | AW43: 0.04198256 | AX43: 0.068260031 | AY43: 0.083197316 | AZ43: 0.064371208 | BA43: 0.071628748
A44: DRI10 | B44: =B27/$N$33 -> 0.020148407 | C44: =C27/$N$33 -> 0.01773363 | D44: =D27/$N$33 -> 0.019595991 | E44: =E27/$N$33 -> 0.019126091 | F44: =F27/$N$33 -> 0.019276971 | G44: =G27/$N$33 -> 0.020192606 | H44: =H27/$N$33 -> 0.017123502 | I44: =I27/$N$33 -> 0 | ... M44: =M27/$N$33 -> 0.11346515 | P44: 0 | Q44: 0 | R44: 0 | S44: 0 | T44: 0 | U44: 0 | V44: 0 | W44: 1 | X44: 0 | Y44: 0 | Z44: 0 | AA44: 0 | AC44: =P44-B44 -> -0.020148407 | AD44: =Q44-C44 -> -0.01773363 | AE44: =R44-D44 -> -0.019595991 | AF44: =S44-E44 -> -0.019126091 | AG44: =T44-F44 -> -0.019276971 | AH44: =U44-G44 -> -0.020192606 | AI44: =V44-H44 -> -0.017123502 | AJ44: =W44-I44 -> 1 | ... AN44: =AA44-M44 -> -0.11346515 | AP44: 0.049931319 | AQ44: 0.042041392 | AR44: 0.049340201 | AS44: 0.046341369 | AT44: 0.04297783 | AU44: 0.050133494 | AV44: 0.055095169 | AW44: 1.0228322 | AX44: 0.1169349 | AY44: 0.1841533 | AZ44: 0.17323418 | BA44: 0.17720705
A45: DRI11 | B45: =B28/$N$33 -> 0.076818182 | C45: =C28/$N$33 -> 0.017641758 | D45: =D28/$N$33 -> 0.018451158 | E45: =E28/$N$33 -> 0.019172764 | F45: =F28/$N$33 -> 0.016532821 | G45: =G28/$N$33 -> 0.019331656 | H45: =H28/$N$33 -> 0.099101067 | I45: =I28/$N$33 -> 0.019586432 | ... M45: =M28/$N$33 -> 0.1274891 | P45: 0 | Q45: 0 | R45: 0 | S45: 0 | T45: 0 | U45: 0 | V45: 0 | W45: 0 | X45: 1 | Y45: 0 | Z45: 0 | AA45: 0 | AC45: =P45-B45 -> -0.076818182 | AD45: =Q45-C45 -> -0.017641758 | AE45: =R45-D45 -> -0.018451158 | AF45: =S45-E45 -> -0.019172764 | AG45: =T45-F45 -> -0.016532821 | AH45: =U45-G45 -> -0.019331656 | AI45: =V45-H45 -> -0.099101067 | AJ45: =W45-I45 -> -0.019586432 | ... AN45: =AA45-M45 -> -0.1274891 | AP45: 0.10679346 | AQ45: 0.05057325 | AR45: 0.057748696 | AS45: 0.052294168 | AT45: 0.046522681 | AU45: 0.055301205 | AV45: 0.13679342 | AW45: 0.046645146 | AX45: 1.0607536 | AY45: 0.18902067 | AZ45: 0.17212444 | BA45: 0.19398744
A46: DRI13 | B46: =B29/$N$33 -> 0.018049637 | C46: =C29/$N$33 -> 0.018593441 | D46: =D29/$N$33 -> 0.019141202 | E46: =E29/$N$33 -> 0.02331442 | F46: =F29/$N$33 -> 0.018894292 | G46: =G29/$N$33 -> 0.020244369 | H46: =H29/$N$33 -> 0.018103815 | I46: =I29/$N$33 -> 0.021548147 | ... M46: =M29/$N$33 -> 0.017271779 | P46: 0 | Q46: 0 | R46: 0 | S46: 0 | T46: 0 | U46: 0 | V46: 0 | W46: 0 | X46: 0 | Y46: 1 | Z46: 0 | AA46: 0 | AC46: =P46-B46 -> -0.018049637 | AD46: =Q46-C46 -> -0.018593441 | AE46: =R46-D46 -> -0.019141202 | AF46: =S46-E46 -> -0.02331442 | AG46: =T46-F46 -> -0.018894292 | AH46: =U46-G46 -> -0.020244369 | AI46: =V46-H46 -> -0.018103815 | AJ46: =W46-I46 -> -0.021548147 | ... AN46: =AA46-M46 -> -0.017271779 | AP46: 0.03209306 | AQ46: 0.030643864 | AR46: 0.034842691 | AS46: 0.03667594 | AT46: 0.030512764 | AU46: 0.036280396 | AV46: 0.037575824 | AW46: 0.031944092 | AX46: 0.047700383 | AY46: 1.0303123 | AZ46: 0.049077984 | BA46: 0.048832842
A47: DRI14 | B47: =B30/$N$33 -> 0.019697471 | C47: =C30/$N$33 -> 0.017042309 | D47: =D30/$N$33 -> 0.021241592 | E47: =E30/$N$33 -> 0.019268435 | F47: =F30/$N$33 -> 0.017825793 | G47: =G30/$N$33 -> 0.019371853 | H47: =H30/$N$33 -> 0.018334798 | I47: =I30/$N$33 -> 0.018103299 | ... M47: =M30/$N$33 -> 0.12833918 | P47: 0 | Q47: 0 | R47: 0 | S47: 0 | T47: 0 | U47: 0 | V47: 0 | W47: 0 | X47: 0 | Y47: 0 | Z47: 1 | AA47: 0 | AC47: =P47-B47 -> -0.019697471 | AD47: =Q47-C47 -> -0.017042309 | AE47: =R47-D47 -> -0.021241592 | AF47: =S47-E47 -> -0.019268435 | AG47: =T47-F47 -> -0.017825793 | AH47: =U47-G47 -> -0.019371853 | AI47: =V47-H47 -> -0.018334798 | AJ47: =W47-I47 -> -0.018103299 | ... AN47: =AA47-M47 -> -0.12833918 | AP47: 0.037038604 | AQ47: 0.032327555 | AR47: 0.040174502 | AS47: 0.036309394 | AT47: 0.032741859 | AU47: 0.038707959 | AV47: 0.041215661 | AW47: 0.03170946 | AX47: 0.052693999 | AY47: 0.053554267 | AZ47: 1.0313059 | BA47: 0.15986866
A48: DRI15 | B48: =B31/$N$33 -> 0.020948831 | C48: =C31/$N$33 -> 0.020148755 | D48: =D31/$N$33 -> 0.019514036 | E48: =E31/$N$33 -> 0.022727149 | F48: =F31/$N$33 -> 0.022619099 | G48: =G31/$N$33 -> 0.019494169 | H48: =H31/$N$33 -> 0.018922703 | I48: =I31/$N$33 -> 0.021798303 | ... M48: =M31/$N$33 -> 0 | P48: 0 | Q48: 0 | R48: 0 | S48: 0 | T48: 0 | U48: 0 | V48: 0 | W48: 0 | X48: 0 | Y48: 0 | Z48: 0 | AA48: 1 | AC48: =P48-B48 -> -0.020948831 | AD48: =Q48-C48 -> -0.020148755 | AE48: =R48-D48 -> -0.019514036 | AF48: =S48-E48 -> -0.022727149 | AG48: =T48-F48 -> -0.022619099 | AH48: =U48-G48 -> -0.019494169 | AI48: =V48-H48 -> -0.018922703 | AJ48: =W48-I48 -> -0.021798303 | ... AN48: =AA48-M48 -> 1 | AP48: 0.036048073 | AQ48: 0.033156553 | AR48: 0.036507568 | AS48: 0.037188404 | AT48: 0.034996725 | AU48: 0.036922722 | AV48: 0.039916895 | AW48: 0.032990542 | AX48: 0.054209525 | AY48: 0.052861187 | AZ48: 0.052414166 | BA48: 1.0342204
A50: Ma trận ảnh hưởng tổng thể TIM
B52: DRI1 | C52: DRI3 | D52: DRI4 | E52: DRI5 | F52: DRI6 | G52: DRI7 | H52: DRI9 | I52: DRI10 | J52: DRI11 | K52: DRI13 | L52: DRI14 | M52: DRI15 | N52: r
A53: DRI1 | B53: {=ROUND(MMULT(B37:M48,AP37:BA48), 4)} -> 0.0472 | C53: 0.1336 | D53: 0.1494 | E53: 0.0821 | F53: 0.087 | G53: 0.0844 | H53: 0.1052 | I53: 0.0621 | J53: 0.1961 | K53: 0.1312 | L53: 0.1223 | M53: 0.1394 | N53: =SUM(B53:M53) -> 1.34
A54: DRI3 | B54: 0.0968 | C54: 0.0499 | D54: 0.1899 | E54: 0.1686 | F54: 0.0973 | G54: 0.1515 | H54: 0.1703 | I54: 0.0728 | J54: 0.2078 | K54: 0.251 | L54: 0.2002 | M54: 0.2455 | N54: =SUM(B54:M54) -> 1.9016
A55: DRI4 | B55: 0.0972 | C55: 0.0554 | D55: 0.0454 | E55: 0.0919 | F55: 0.0559 | G55: 0.0948 | H55: 0.115 | I55: 0.0566 | J55: 0.2048 | K55: 0.2168 | L55: 0.1848 | M55: 0.2172 | N55: =SUM(B55:M55) -> 1.4358
A56: DRI5 | B56: 0.0974 | C56: 0.0895 | D56: 0.0991 | E56: 0.0453 | F56: 0.0897 | G56: 0.104 | H56: 0.1749 | I56: 0.0793 | J56: 0.2073 | K56: 0.1425 | L56: 0.1974 | M56: 0.1907 | N56: =SUM(B56:M56) -> 1.5171
A57: DRI6 | B57: 0.0506 | C57: 0.0458 | D57: 0.0474 | E57: 0.0454 | F57: 0.0231 | G57: 0.1299 | H57: 0.065 | I57: 0.0459 | J57: 0.1708 | K57: 0.1796 | L57: 0.0782 | M57: 0.0848 | N57: =SUM(B57:M57) -> 0.9665
A58: DRI7 | B58: 0.0441 | C58: 0.0363 | D58: 0.0407 | E58: 0.038 | F58: 0.0351 | G58: 0.0212 | H58: 0.0513 | I58: 0.0353 | J58: 0.1348 | K58: 0.0643 | L58: 0.0582 | M58: 0.0664 | N58: =SUM(B58:M58) -> 0.6257
A59: DRI9 | B59: 0.049 | C59: 0.045 | D59: 0.0498 | E59: 0.048 | F59: 0.044 | G59: 0.0525 | H59: 0.0282 | I59: 0.042 | J59: 0.0683 | K59: 0.0832 | L59: 0.0644 | M59: 0.0716 | N59: =SUM(B59:M59) -> 0.646
A60: DRI10 | B60: 0.0499 | C60: 0.042 | D60: 0.0493 | E60: 0.0463 | F60: 0.043 | G60: 0.0501 | H60: 0.0551 | I60: 0.0228 | J60: 0.1169 | K60: 0.1842 | L60: 0.1732 | M60: 0.1772 | N60: =SUM(B60:M60) -> 1.01
A61: DRI11 | B61: 0.1068 | C61: 0.0506 | D61: 0.0577 | E61: 0.0523 | F61: 0.0465 | G61: 0.0553 | H61: 0.1368 | I61: 0.0466 | J61: 0.0608 | K61: 0.189 | L61: 0.1721 | M61: 0.194 | N61: =SUM(B61:M61) -> 1.1685
A62: DRI13 | B62: 0.0321 | C62: 0.0306 | D62: 0.0348 | E62: 0.0367 | F62: 0.0305 | G62: 0.0363 | H62: 0.0376 | I62: 0.0319 | J62: 0.0477 | K62: 0.0303 | L62: 0.0491 | M62: 0.0488 | N62: =SUM(B62:M62) -> 0.4464
A63: DRI14 | B63: 0.037 | C63: 0.0323 | D63: 0.0402 | E63: 0.0363 | F63: 0.0327 | G63: 0.0387 | H63: 0.0412 | I63: 0.0317 | J63: 0.0527 | K63: 0.0536 | L63: 0.0313 | M63: 0.1599 | N63: =SUM(B63:M63) -> 0.5876
A64: DRI15 | B64: 0.036 | C64: 0.0332 | D64: 0.0365 | E64: 0.0372 | F64: 0.035 | G64: 0.0369 | H64: 0.0399 | I64: 0.033 | J64: 0.0542 | K64: 0.0529 | L64: 0.0524 | M64: 0.0342 | N64: =SUM(B64:M64) -> 0.4814
A65: c | B65: =SUM(B53:B64) -> 0.7441 | C65: =SUM(C53:C64) -> 0.6442 | D65: =SUM(D53:D64) -> 0.8402 | E65: =SUM(E53:E64) -> 0.7281 | F65: =SUM(F53:F64) -> 0.6198 | G65: =SUM(G53:G64) -> 0.8556 | H65: =SUM(H53:H64) -> 1.0205 | I65: =SUM(I53:I64) -> 0.56 | ... M65: =SUM(M53:M64) -> 1.6297
A67: Xác định mối quan hệ và tính trọng số
A69: Nhân tố | B69: r | C69: c | D69: r+c | E69: Trọng số w | F69: Xếp hạng | G69: r-c | H69: Nhân-Quả
A70: DRI1 | B70: =N53 -> 1.34 | C70: {=TRANSPOSE(B65:M65)} -> 0.7441 | D70: =B70+C70 -> 2.0841 | E70: =ROUND(D70/$D$82,4) -> 0.0859 | F70: =RANK(E70,$E$70:$E$81) -> 6 | G70: =B70-C70 -> 0.5959 | H70: =IF(G70>0, "Cause", "Effect") -> Cause | I70: =RANK(D70,$D$70:$D$81) -> 6
A71: DRI3 | B71: =N54 -> 1.9016 | C71: 0.6442 | D71: =B71+C71 -> 2.5458 | E71: =ROUND(D71/$D$82,4) -> 0.105 | F71: =RANK(E71,$E$70:$E$81) -> 2 | G71: =B71-C71 -> 1.2574 | H71: =IF(G71>0, "Cause", "Effect") -> Cause | I71: =RANK(D71,$D$70:$D$81) -> 2
A72: DRI4 | B72: =N55 -> 1.4358 | C72: 0.8402 | D72: =B72+C72 -> 2.276 | E72: =ROUND(D72/$D$82,4) -> 0.0938 | F72: =RANK(E72,$E$70:$E$81) -> 3 | G72: =B72-C72 -> 0.5956 | H72: =IF(G72>0, "Cause", "Effect") -> Cause | I72: =RANK(D72,$D$70:$D$81) -> 3
A73: DRI5 | B73: =N56 -> 1.5171 | C73: 0.7281 | D73: =B73+C73 -> 2.2452 | E73: =ROUND(D73/$D$82,4) -> 0.0926 | F73: =RANK(E73,$E$70:$E$81) -> 4 | G73: =B73-C73 -> 0.789 | H73: =IF(G73>0, "Cause", "Effect") -> Cause | I73: =RANK(D73,$D$70:$D$81) -> 4
A74: DRI6 | B74: =N57 -> 0.9665 | C74: 0.6198 | D74: =B74+C74 -> 1.5863 | E74: =ROUND(D74/$D$82,4) -> 0.0654 | F74: =RANK(E74,$E$70:$E$81) -> 10 | G74: =B74-C74 -> 0.3467 | H74: =IF(G74>0, "Cause", "Effect") -> Cause | I74: =RANK(D74,$D$70:$D$81) -> 10
A75: DRI7 | B75: =N58 -> 0.6257 | C75: 0.8556 | D75: =B75+C75 -> 1.4813 | E75: =ROUND(D75/$D$82,4) -> 0.0611 | F75: =RANK(E75,$E$70:$E$81) -> 12 | G75: =B75-C75 -> -0.2299 | H75: =IF(G75>0, "Cause", "Effect") -> Effect | I75: =RANK(D75,$D$70:$D$81) -> 12
A76: DRI9 | B76: =N59 -> 0.646 | C76: 1.0205 | D76: =B76+C76 -> 1.6665 | E76: =ROUND(D76/$D$82,4) -> 0.0687 | F76: =RANK(E76,$E$70:$E$81) -> 9 | G76: =B76-C76 -> -0.3745 | H76: =IF(G76>0, "Cause", "Effect") -> Effect | I76: =RANK(D76,$D$70:$D$81) -> 9
A77: DRI10 | B77: =N60 -> 1.01 | C77: 0.56 | D77: =B77+C77 -> 1.57 | E77: =ROUND(D77/$D$82,4) -> 0.0647 | F77: =RANK(E77,$E$70:$E$81) -> 11 | G77: =B77-C77 -> 0.45 | H77: =IF(G77>0, "Cause", "Effect") -> Cause | I77: =RANK(D77,$D$70:$D$81) -> 11
A78: DRI11 | B78: =N61 -> 1.1685 | C78: 1.5222 | D78: =B78+C78 -> 2.6907 | E78: =ROUND(D78/$D$82,4) -> 0.1109 | F78: =RANK(E78,$E$70:$E$81) -> 1 | G78: =B78-C78 -> -0.3537 | H78: =IF(G78>0, "Cause", "Effect") -> Effect | I78: =RANK(D78,$D$70:$D$81) -> 1
A79: DRI13 | B79: =N62 -> 0.4464 | C79: 1.5786 | D79: =B79+C79 -> 2.025 | E79: =ROUND(D79/$D$82,4) -> 0.0835 | F79: =RANK(E79,$E$70:$E$81) -> 7 | G79: =B79-C79 -> -1.1322 | H79: =IF(G79>0, "Cause", "Effect") -> Effect | I79: =RANK(D79,$D$70:$D$81) -> 7
A80: DRI14 | B80: =N63 -> 0.5876 | C80: 1.3836 | D80: =B80+C80 -> 1.9712 | E80: =ROUND(D80/$D$82,4) -> 0.0813 | F80: =RANK(E80,$E$70:$E$81) -> 8 | G80: =B80-C80 -> -0.796 | H80: =IF(G80>0, "Cause", "Effect") -> Effect | I80: =RANK(D80,$D$70:$D$81) -> 8
A81: DRI15 | B81: =N64 -> 0.4814 | C81: 1.6297 | D81: =B81+C81 -> 2.1111 | E81: =ROUND(D81/$D$82,4) -> 0.087 | F81: =RANK(E81,$E$70:$E$81) -> 5 | G81: =B81-C81 -> -1.1483 | H81: =IF(G81>0, "Cause", "Effect") -> Effect | I81: =RANK(D81,$D$70:$D$81) -> 5
C82: Tổng r+c | D82: =SUM(D70:D81) -> 24.2532

Sheet Thang đánh giá
A1: F | B1: R | C1: F:R | D1: Z-Fuzzy
A2: AI | B2: VH | C2: AI;VH | D2: (0,2846; 0,3795; 0,3795)
A3: AI | B3: H | C3: AI;H | D3: (0,251; 0,3347; 0,3347)
A4: VI | B4: VH | C4: VI;VH | D4: (0,1897; 0,2846; 0,3795)
A5: AI | B5: M | C5: AI;M | D5: (0,2121; 0,2828; 0,2828)
A6: VI | B6: H | C6: VI;H | D6: (0,1673; 0,251; 0,3347)
A7: VI | B7: M | C7: VI;M | D7: (0,1414; 0,2121; 0,2828)
A8: AI | B8: L | C8: AI;L | D8: (0,1643; 0,2191; 0,2191)
A9: FI | B9: VH | C9: FI;VH | D9: (0,0949; 0,1897; 0,2846)
A10: FI | B10: H | C10: FI;H | D10: (0,0837; 0,1673; 0,251)
A11: VI | B11: L | C11: VI;L | D11: (0,1095; 0,1643; 0,2191)
A12: FI | B12: M | C12: FI;M | D12: (0,0707; 0,1414; 0,2121)
... A26: NI | B26: VL | C26: NI;VL | D26: (0; 0; 0,0316)
C27: 0 | D27: (0; 0; 0)

Sheet Ans 1
B1: DRI1 | C1: DRI3 | D1: DRI4 | E1: DRI5 | F1: DRI6 | G1: DRI7 | H1: DRI9 | I1: DRI10 | J1: DRI11 | K1: DRI13 | L1: DRI14 | M1: DRI15
A2: DRI1 | B2: 0 | C2: VI;H | D2: VI;VH | E2: FI;H | F2: WI;M | G2: NI;L | H2: NI;M | I2: NI;M | J2: VI;H | K2: NI;L | L2: NI;M | M2: WI;L
A3: DRI3 | B3: WI;M | C3: 0 | D3: AI;VH | E3: AI;VH | F3: NI;M | G3: WI;M | H3: VI;VH | I3: NI;M | J3: VI;H | K3: AI;H | L3: AI;VH | M3: VI;VH
A4: DRI4 | B4: WI;M | C4: WI;M | D4: 0 | E4: VI;M | F4: WI;M | G4: FI;H | H4: WI;L | I4: WI;L | J4: AI;VH | K4: AI;VH | L4: VI;VH | M4: AI;VH
A5: DRI5 | B5: FI;M | C5: NI;H | D5: WI;L | E5: 0 | F5: VI;H | G5: WI;M | H5: VI;VH | I5: NI;M | J5: AI;VH | K5: WI;M | L5: VI;VH | M5: AI;VH
A6: DRI6 | B6: NI;M | C6: WI;VL | D6: NI;L | E6: WI;M | F6: 0 | G6: FI;H | H6: NI;M | I6: NI;L | J6: VI;H | K6: AI;H | L6: NI;H | M6: WI;M
A7: DRI7 | B7: WI;M | C7: NI;L | D7: WI;L | E7: NI;M | F7: NI;M | G7: 0 | H7: WI;M | I7: NI;M | J7: AI;VH | K7: NI;VL | L7: NI;VL | M7: WI;VL
A8: DRI9 | B8: NI;M | C8: NI;L | D8: WI;L | E8: NI;VL | F8: FI;M | G8: FI;M | H8: 0 | I8: WI;M | J8: FI;M | K8: NI;L | L8: NI;L | M8: FI;M
A9: DRI10 | B9: WI;H | C9: NI;M | D9: WI;M | E9: NI;M | F9: WI;L | G9: WI;L | H9: WI;M | I9: 0 | J9: AI;VH | K9: AI;VH | L9: VI;H | M9: VI;VH
A10: DRI11 | B10: VI;H | C10: WI;L | D10: WI;L | E10: WI;M | F10: NI;L | G10: NI;M | H10: VI;H | I10: NI;M | J10: 0 | K10: AI;H | L10: VI;H | M10: AI;VH
A11: DRI13 | B11: WI;M | C11: WI;H | D11: WI;L | E11: WI;M | F11: FI;M | G11: WI;L | H11: NI;L | I11: WI;L | J11: NI;M | K11: 0 | L11: NI;M | M11: WI;L
A12: DRI14 | B12: NI;M | C12: WI;M | D12: NI;VL | E12: NI;M | F12: NI;M | G12: NI;H | H12: WI;L | I12: NI;M | J12: WI;L | K12: NI;M | L12: 0 | M12: VI;VH
A13: DRI15 | B13: NI;L | C13: WI;H | D13: NI;M | E13: FI;M | F13: NI;L | G13: NI;M | H13: NI;VL | I13: WI;L | J13: NI;M | K13: FI;H | L13: WI;L | M13: 0
B15: DRI1 | C15: DRI3 | D15: DRI4 | E15: DRI5 | F15: DRI6 | G15: DRI7 | H15: DRI9 | I15: DRI10 | J15: DRI11 | K15: DRI13 | L15: DRI14 | M15: DRI15
A16: DRI1 | B16: =VLOOKUP(B2,'Thang đánh giá'!$C$2:$D$27,2,FALSE) -> (0; 0; 0) | C16: =VLOOKUP(C2,'Thang đánh giá'!$C$2:$D$27,2,FALSE) -> (0,1673; 0,251; 0,3347) | D16: =VLOOKUP(D2,'Thang đánh giá'!$C$2:$D$27,2,FALSE) -> (0,1897; 0,2846; 0,3795) | E16: =VLOOKUP(E2,'Thang đánh giá'!$C$2:$D$27,2,FALSE) -> (0,0837; 0,1673; 0,251) | F16: =VLOOKUP(F2,'Thang đánh giá'!$C$2:$D$27,2,FALSE) -> (0; 0,0707; 0,1414) | G16: =VLOOKUP(G2,'Thang đánh giá'!$C$2:$D$27,2,FALSE) -> (0; 0; 0,0548) | H16: =VLOOKUP(H2,'Thang đánh giá'!$C$2:$D$27,2,FALSE) -> (0; 0; 0,0707) | I16: =VLOOKUP(I2,'Thang đánh giá'!$C$2:$D$27,2,FALSE) -> (0; 0; 0,0707) | ... M16: =VLOOKUP(M2,'Thang đánh giá'!$C$2:$D$27,2,FALSE) -> (0; 0,0548; 0,1095)
A17: DRI3 | B17: =VLOOKUP(B3,'Thang đánh giá'!$C$2:$D$27,2,FALSE) -> (0; 0,0707; 0,1414) | C17: =VLOOKUP(C3,'Thang đánh giá'!$C$2:$D$27,2,FALSE) -> (0; 0; 0) | D17: =VLOOKUP(D3,'Thang đánh giá'!$C$2:$D$27,2,FALSE) -> (0,2846; 0,3795; 0,3795) | E17: =VLOOKUP(E3,'Thang đánh giá'!$C$2:$D$27,2,FALSE) -> (0,2846; 0,3795; 0,3795) | F17: =VLOOKUP(F3,'Thang đánh giá'!$C$2:$D$27,2,FALSE) -> (0; 0; 0,0707) | G17: =VLOOKUP(G3,'Thang đánh giá'!$C$2:$D$27,2,FALSE) -> (0; 0,0707; 0,1414) | H17: =VLOOKUP(H3,'Thang đánh giá'!$C$2:$D$27,2,FALSE) -> (0,1897; 0,2846; 0,3795) | I17: =VLOOKUP(I3,'Thang đánh giá'!$C$2:$D$27,2,FALSE) -> (0; 0; 0,0707) | ... M17: =VLOOKUP(M3,'Thang đánh giá'!$C$2:$D$27,2,FALSE) -> (0,1897; 0,2846; 0,3795)
A18: DRI4 | B18: =VLOOKUP(B4,'Thang đánh giá'!$C$2:$D$27,2,FALSE) -> (0; 0,0707; 0,1414) | C18: =VLOOKUP(C4,'Thang đánh giá'!$C$2:$D$27,2,FALSE) -> (0; 0,0707; 0,1414) | D18: =VLOOKUP(D4,'Thang đánh giá'!$C$2:$D$27,2,FALSE) -> (0; 0; 0) | E18: =VLOOKUP(E4,'Thang đánh giá'!$C$2:$D$27,2,FALSE) -> (0,1414; 0,2121; 0,2828) | F18: =VLOOKUP(F4,'Thang đánh giá'!$C$2:$D$27,2,FALSE) -> (0; 0,0707; 0,1414) | G18: =VLOOKUP(G4,'Thang đánh giá'!$C$2:$D$27,2,FALSE) -> (0,0837; 0,1673; 0,251) | H18: =VLOOKUP(H4,'Thang đánh giá'!$C$2:$D$27,2,FALSE) -> (0; 0,0548; 0,1095) | I18: =VLOOKUP(I4,'Thang đánh giá'!$C$2:$D$27,2,FALSE) -> (0; 0,0548; 0,1095) | ... M18: =VLOOKUP(M4,'Thang đánh giá'!$C$2:$D$27,2,FALSE) -> (0,2846; 0,3795; 0,3795)
A19: DRI5 | B19: =VLOOKUP(B5,'Thang đánh giá'!$C$2:$D$27,2,FALSE) -> (0,0707; 0,1414; 0,2121) | C19: =VLOOKUP(C5,'Thang đánh giá'!$C$2:$D$27,2,FALSE) -> (0; 0; 0,0837) | D19: =VLOOKUP(D5,'Thang đánh giá'!$C$2:$D$27,2,FALSE) -> (0; 0,0548; 0,1095) | E19: =VLOOKUP(E5,'Thang đánh giá'!$C$2:$D$27,2,FALSE) -> (0; 0; 0) | F19: =VLOOKUP(F5,'Thang đánh giá'!$C$2:$D$27,2,FALSE) -> (0,1673; 0,251; 0,3347) | G19: =VLOOKUP(G5,'Thang đánh giá'!$C$2:$D$27,2,FALSE) -> (0; 0,0707; 0,1414) | H19: =VLOOKUP(H5,'Thang đánh giá'!$C$2:$D$27,2,FALSE) -> (0,1897; 0,2846; 0,3795) | I19: =VLOOKUP(I5,'Thang đánh giá'!$C$2:$D$27,2,FALSE) -> (0; 0; 0,0707) | ... M19: =VLOOKUP(M5,'Thang đánh giá'!$C$2:$D$27,2,FALSE) -> (0,2846; 0,3795; 0,3795)
A20: DRI6 | B20: =VLOOKUP(B6,'Thang đánh giá'!$C$2:$D$27,2,FALSE) -> (0; 0; 0,0707) | C20: =VLOOKUP(C6,'Thang đánh giá'!$C$2:$D$27,2,FALSE) -> (0; 0,0316; 0,0632) | D20: =VLOOKUP(D6,'Thang đánh giá'!$C$2:$D$27,2,FALSE) -> (0; 0; 0,0548) | E20: =VLOOKUP(E6,'Thang đánh giá'!$C$2:$D$27,2,FALSE) -> (0; 0,0707; 0,1414) | F20: =VLOOKUP(F6,'Thang đánh giá'!$C$2:$D$27,2,FALSE) -> (0; 0; 0) | G20: =VLOOKUP(G6,'Thang đánh giá'!$C$2:$D$27,2,FALSE) -> (0,0837; 0,1673; 0,251) | H20: =VLOOKUP(H6,'Thang đánh giá'!$C$2:$D$27,2,FALSE) -> (0; 0; 0,0707) | I20: =VLOOKUP(I6,'Thang đánh giá'!$C$2:$D$27,2,FALSE) -> (0; 0; 0,0548) | ... M20: =VLOOKUP(M6,'Thang đánh giá'!$C$2:$D$27,2,FALSE) -> (0; 0,0707; 0,1414)
A21: DRI7 | B21: =VLOOKUP(B7,'Thang đánh giá'!$C$2:$D$27,2,FALSE) -> (0; 0,0707; 0,1414) | C21: =VLOOKUP(C7,'Thang đánh giá'!$C$2:$D$27,2,FALSE) -> (0; 0; 0,0548) | D21: =VLOOKUP(D7,'Thang đánh giá'!$C$2:$D$27,2,FALSE) -> (0; 0,0548; 0,1095) | E21: =VLOOKUP(E7,'Thang đánh giá'!$C$2:$D$27,2,FALSE) -> (0; 0; 0,0707) | F21: =VLOOKUP(F7,'Thang đánh giá'!$C$2:$D$27,2,FALSE) -> (0; 0; 0,0707) | G21: =VLOOKUP(G7,'Thang đánh giá'!$C$2:$D$27,2,FALSE) -> (0; 0; 0) | H21: =VLOOKUP(H7,'Thang đánh giá'!$C$2:$D$27,2,FALSE) -> (0; 0,0707; 0,1414) | I21: =VLOOKUP(I7,'Thang đánh giá'!$C$2:$D$27,2,FALSE) -> (0; 0; 0,0707) | ... M21: =VLOOKUP(M7,'Thang đánh giá'!$C$2:$D$27,2,FALSE) -> (0; 0,0316; 0,0632)
A22: DRI9 | B22: =VLOOKUP(B8,'Thang đánh giá'!$C$2:$D$27,2,FALSE) -> (0; 0; 0,0707) | C22: =VLOOKUP(C8,'Thang đánh giá'!$C$2:$D$27,2,FALSE) -> (0; 0; 0,0548) | D22: =VLOOKUP(D8,'Thang đánh giá'!$C$2:$D$27,2,FALSE) -> (0; 0,0548; 0,1095) | E22: =VLOOKUP(E8,'Thang đánh giá'!$C$2:$D$27,2,FALSE) -> (0; 0; 0,0316) | F22: =VLOOKUP(F8,'Thang đánh giá'!$C$2:$D$27,2,FALSE) -> (0,0707; 0,1414; 0,2121) | G22: =VLOOKUP(G8,'Thang đánh giá'!$C$2:$D$27,2,FALSE) -> (0,0707; 0,1414; 0,2121) | H22: =VLOOKUP(H8,'Thang đánh giá'!$C$2:$D$27,2,FALSE) -> (0; 0; 0) | I22: =VLOOKUP(I8,'Thang đánh giá'!$C$2:$D$27,2,FALSE) -> (0; 0,0707; 0,1414) | ... M22: =VLOOKUP(M8,'Thang đánh giá'!$C$2:$D$27,2,FALSE) -> (0,0707; 0,1414; 0,2121)
A23: DRI10 | B23: =VLOOKUP(B9,'Thang đánh giá'!$C$2:$D$27,2,FALSE) -> (0; 0,0837; 0,1673) | C23: =VLOOKUP(C9,'Thang đánh giá'!$C$2:$D$27,2,FALSE) -> (0; 0; 0,0707) | D23: =VLOOKUP(D9,'Thang đánh giá'!$C$2:$D$27,2,FALSE) -> (0; 0,0707; 0,1414) | E23: =VLOOKUP(E9,'Thang đánh giá'!$C$2:$D$27,2,FALSE) -> (0; 0; 0,0707) | F23: =VLOOKUP(F9,'Thang đánh giá'!$C$2:$D$27,2,FALSE) -> (0; 0,0548; 0,1095) | G23: =VLOOKUP(G9,'Thang đánh giá'!$C$2:$D$27,2,FALSE) -> (0; 0,0548; 0,1095) | H23: =VLOOKUP(H9,'Thang đánh giá'!$C$2:$D$27,2,FALSE) -> (0; 0,0707; 0,1414) | I23: =VLOOKUP(I9,'Thang đánh giá'!$C$2:$D$27,2,FALSE) -> (0; 0; 0) | ... M23: =VLOOKUP(M9,'Thang đánh giá'!$C$2:$D$27,2,FALSE) -> (0,1897; 0,2846; 0,3795)
A24: DRI11 | B24: =VLOOKUP(B10,'Thang đánh giá'!$C$2:$D$27,2,FALSE) -> (0,1673; 0,251; 0,3347) | C24: =VLOOKUP(C10,'Thang đánh giá'!$C$2:$D$27,2,FALSE) -> (0; 0,0548; 0,1095) | D24: =VLOOKUP(D10,'Thang đánh giá'!$C$2:$D$27,2,FALSE) -> (0; 0,0548; 0,1095) | E24: =VLOOKUP(E10,'Thang đánh giá'!$C$2:$D$27,2,FALSE) -> (0; 0,0707; 0,1414) | F24: =VLOOKUP(F10,'Thang đánh giá'!$C$2:$D$27,2,FALSE) -> (0; 0; 0,0548) | G24: =VLOOKUP(G10,'Thang đánh giá'!$C$2:$D$27,2,FALSE) -> (0; 0; 0,0707) | H24: =VLOOKUP(H10,'Thang đánh giá'!$C$2:$D$27,2,FALSE) -> (0,1673; 0,251; 0,3347) | I24: =VLOOKUP(I10,'Thang đánh giá'!$C$2:$D$27,2,FALSE) -> (0; 0; 0,0707) | ... M24: =VLOOKUP(M10,'Thang đánh giá'!$C$2:$D$27,2,FALSE) -> (0,2846; 0,3795; 0,3795)
A25: DRI13 | B25: =VLOOKUP(B11,'Thang đánh giá'!$C$2:$D$27,2,FALSE) -> (0; 0,0707; 0,1414) | C25: =VLOOKUP(C11,'Thang đánh giá'!$C$2:$D$27,2,FALSE) -> (0; 0,0837; 0,1673) | D25: =VLOOKUP(D11,'Thang đánh giá'!$C$2:$D$27,2,FALSE) -> (0; 0,0548; 0,1095) | E25: =VLOOKUP(E11,'Thang đánh giá'!$C$2:$D$27,2,FALSE) -> (0; 0,0707; 0,1414) | F25: =VLOOKUP(F11,'Thang đánh giá'!$C$2:$D$27,2,FALSE) -> (0,0707; 0,1414; 0,2121) | G25: =VLOOKUP(G11,'Thang đánh giá'!$C$2:$D$27,2,FALSE) -> (0; 0,0548; 0,1095) | H25: =VLOOKUP(H11,'Thang đánh giá'!$C$2:$D$27,2,FALSE) -> (0; 0; 0,0548) | I25: =VLOOKUP(I11,'Thang đánh giá'!$C$2:$D$27,2,FALSE) -> (0; 0,0548; 0,1095) | ... M25: =VLOOKUP(M11,'Thang đánh giá'!$C$2:$D$27,2,FALSE) -> (0; 0,0548; 0,1095)
A26: DRI14 | B26: =VLOOKUP(B12,'Thang đánh giá'!$C$2:$D$27,2,FALSE) -> (0; 0; 0,0707) | C26: =VLOOKUP(C12,'Thang đánh giá'!$C$2:$D$27,2,FALSE) -> (0; 0,0707; 0,1414) | D26: =VLOOKUP(D12,'Thang đánh giá'!$C$2:$D$27,2,FALSE) -> (0; 0; 0,0316) | E26: =VLOOKUP(E12,'Thang đánh giá'!$C$2:$D$27,2,FALSE) -> (0; 0; 0,0707) | F26: =VLOOKUP(F12,'Thang đánh giá'!$C$2:$D$27,2,FALSE) -> (0; 0; 0,0707) | G26: =VLOOKUP(G12,'Thang đánh giá'!$C$2:$D$27,2,FALSE) -> (0; 0; 0,0837) | H26: =VLOOKUP(H12,'Thang đánh giá'!$C$2:$D$27,2,FALSE) -> (0; 0,0548; 0,1095) | I26: =VLOOKUP(I12,'Thang đánh giá'!$C$2:$D$27,2,FALSE) -> (0; 0; 0,0707) | ... M26: =VLOOKUP(M12,'Thang đánh giá'!$C$2:$D$27,2,FALSE) -> (0,1897; 0,2846; 0,3795)
A27: DRI15 | B27: =VLOOKUP(B13,'Thang đánh giá'!$C$2:$D$27,2,FALSE) -> (0; 0; 0,0548) | C27: =VLOOKUP(C13,'Thang đánh giá'!$C$2:$D$27,2,FALSE) -> (0; 0,0837; 0,1673) | D27: =VLOOKUP(D13,'Thang đánh giá'!$C$2:$D$27,2,FALSE) -> (0; 0; 0,0707) | E27: =VLOOKUP(E13,'Thang đánh giá'!$C$2:$D$27,2,FALSE) -> (0,0707; 0,1414; 0,2121) | F27: =VLOOKUP(F13,'Thang đánh giá'!$C$2:$D$27,2,FALSE) -> (0; 0; 0,0548) | G27: =VLOOKUP(G13,'Thang đánh giá'!$C$2:$D$27,2,FALSE) -> (0; 0; 0,0707) | H27: =VLOOKUP(H13,'Thang đánh giá'!$C$2:$D$27,2,FALSE) -> (0; 0; 0,0316) | I27: =VLOOKUP(I13,'Thang đánh giá'!$C$2:$D$27,2,FALSE) -> (0; 0,0548; 0,1095) | ... M27: =VLOOKUP(M13,'Thang đánh giá'!$C$2:$D$27,2,FALSE) -> (0; 0; 0)
A29: L | B29: DRI1 | C29: DRI3 | D29: DRI4 | E29: DRI5 | F29: DRI6 | G29: DRI7 | H29: DRI9 | I29: DRI10 | J29: DRI11 | K29: DRI13 | L29: DRI14 | M29: DRI15
A30: DRI1 | B30: =_xlfn.NUMBERVALUE(MID(B16,2,FIND(";",B16,1)-2)) -> 0 | C30: =_xlfn.NUMBERVALUE(MID(C16,2,FIND(";",C16,1)-2)) -> 0.1673 | D30: =_xlfn.NUMBERVALUE(MID(D16,2,FIND(";",D16,1)-2)) -> 0.1897 | E30: =_xlfn.NUMBERVALUE(MID(E16,2,FIND(";",E16,1)-2)) -> 0.0837 | F30: =_xlfn.NUMBERVALUE(MID(F16,2,FIND(";",F16,1)-2)) -> 0 | G30: =_xlfn.NUMBERVALUE(MID(G16,2,FIND(";",G16,1)-2)) -> 0 | H30: =_xlfn.NUMBERVALUE(MID(H16,2,FIND(";",H16,1)-2)) -> 0 | I30: =_xlfn.NUMBERVALUE(MID(I16,2,FIND(";",I16,1)-2)) -> 0 | ... M30: =_xlfn.NUMBERVALUE(MID(M16,2,FIND(";",M16,1)-2)) -> 0
A31: DRI3 | B31: =_xlfn.NUMBERVALUE(MID(B17,2,FIND(";",B17,1)-2)) -> 0 | C31: =_xlfn.NUMBERVALUE(MID(C17,2,FIND(";",C17,1)-2)) -> 0 | D31: =_xlfn.NUMBERVALUE(MID(D17,2,FIND(";",D17,1)-2)) -> 0.2846 | E31: =_xlfn.NUMBERVALUE(MID(E17,2,FIND(";",E17,1)-2)) -> 0.2846 | F31: =_xlfn.NUMBERVALUE(MID(F17,2,FIND(";",F17,1)-2)) -> 0 | G31: =_xlfn.NUMBERVALUE(MID(G17,2,FIND(";",G17,1)-2)) -> 0 | H31: =_xlfn.NUMBERVALUE(MID(H17,2,FIND(";",H17,1)-2)) -> 0.1897 | I31: =_xlfn.NUMBERVALUE(MID(I17,2,FIND(";",I17,1)-2)) -> 0 | ... M31: =_xlfn.NUMBERVALUE(MID(M17,2,FIND(";",M17,1)-2)) -> 0.1897
A32: DRI4 | B32: =_xlfn.NUMBERVALUE(MID(B18,2,FIND(";",B18,1)-2)) -> 0 | C32: =_xlfn.NUMBERVALUE(MID(C18,2,FIND(";",C18,1)-2)) -> 0 | D32: =_xlfn.NUMBERVALUE(MID(D18,2,FIND(";",D18,1)-2)) -> 0 | E32: =_xlfn.NUMBERVALUE(MID(E18,2,FIND(";",E18,1)-2)) -> 0.1414 | F32: =_xlfn.NUMBERVALUE(MID(F18,2,FIND(";",F18,1)-2)) -> 0 | G32: =_xlfn.NUMBERVALUE(MID(G18,2,FIND(";",G18,1)-2)) -> 0.0837 | H32: =_xlfn.NUMBERVALUE(MID(H18,2,FIND(";",H18,1)-2)) -> 0 | I32: =_xlfn.NUMBERVALUE(MID(I18,2,FIND(";",I18,1)-2)) -> 0 | ... M32: =_xlfn.NUMBERVALUE(MID(M18,2,FIND(";",M18,1)-2)) -> 0.2846
A33: DRI5 | B33: =_xlfn.NUMBERVALUE(MID(B19,2,FIND(";",B19,1)-2)) -> 0.0707 | C33: =_xlfn.NUMBERVALUE(MID(C19,2,FIND(";",C19,1)-2)) -> 0 | D33: =_xlfn.NUMBERVALUE(MID(D19,2,FIND(";",D19,1)-2)) -> 0 | E33: =_xlfn.NUMBERVALUE(MID(E19,2,FIND(";",E19,1)-2)) -> 0 | F33: =_xlfn.NUMBERVALUE(MID(F19,2,FIND(";",F19,1)-2)) -> 0.1673 | G33: =_xlfn.NUMBERVALUE(MID(G19,2,FIND(";",G19,1)-2)) -> 0 | H33: =_xlfn.NUMBERVALUE(MID(H19,2,FIND(";",H19,1)-2)) -> 0.1897 | I33: =_xlfn.NUMBERVALUE(MID(I19,2,FIND(";",I19,1)-2)) -> 0 | ... M33: =_xlfn.NUMBERVALUE(MID(M19,2,FIND(";",M19,1)-2)) -> 0.2846
A34: DRI6 | B34: =_xlfn.NUMBERVALUE(MID(B20,2,FIND(";",B20,1)-2)) -> 0 | C34: =_xlfn.NUMBERVALUE(MID(C20,2,FIND(";",C20,1)-2)) -> 0 | D34: =_xlfn.NUMBERVALUE(MID(D20,2,FIND(";",D20,1)-2)) -> 0 | E34: =_xlfn.NUMBERVALUE(MID(E20,2,FIND(";",E20,1)-2)) -> 0 | F34: =_xlfn.NUMBERVALUE(MID(F20,2,FIND(";",F20,1)-2)) -> 0 | G34: =_xlfn.NUMBERVALUE(MID(G20,2,FIND(";",G20,1)-2)) -> 0.0837 | H34: =_xlfn.NUMBERVALUE(MID(H20,2,FIND(";",H20,1)-2)) -> 0 | I34: =_xlfn.NUMBERVALUE(MID(I20,2,FIND(";",I20,1)-2)) -> 0 | ... M34: =_xlfn.NUMBERVALUE(MID(M20,2,FIND(";",M20,1)-2)) -> 0
A35: DRI7 | B35: =_xlfn.NUMBERVALUE(MID(B21,2,FIND(";",B21,1)-2)) -> 0 | C35: =_xlfn.NUMBERVALUE(MID(C21,2,FIND(";",C21,1)-2)) -> 0 | D35: =_xlfn.NUMBERVALUE(MID(D21,2,FIND(";",D21,1)-2)) -> 0 | E35: =_xlfn.NUMBERVALUE(MID(E21,2,FIND(";",E21,1)-2)) -> 0 | F35: =_xlfn.NUMBERVALUE(MID(F21,2,FIND(";",F21,1)-2)) -> 0 | G35: =_xlfn.NUMBERVALUE(MID(G21,2,FIND(";",G21,1)-2)) -> 0 | H35: =_xlfn.NUMBERVALUE(MID(H21,2,FIND(";",H21,1)-2)) -> 0 | I35: =_xlfn.NUMBERVALUE(MID(I21,2,FIND(";",I21,1)-2)) -> 0 | ... M35: =_xlfn.NUMBERVALUE(MID(M21,2,FIND(";",M21,1)-2)) -> 0
A36: DRI9 | B36: =_xlfn.NUMBERVALUE(MID(B22,2,FIND(";",B22,1)-2)) -> 0 | C36: =_xlfn.NUMBERVALUE(MID(C22,2,FIND(";",C22,1)-2)) -> 0 | D36: =_xlfn.NUMBERVALUE(MID(D22,2,FIND(";",D22,1)-2)) -> 0 | E36: =_xlfn.NUMBERVALUE(MID(E22,2,FIND(";",E22,1)-2)) -> 0 | F36: =_xlfn.NUMBERVALUE(MID(F22,2,FIND(";",F22,1)-2)) -> 0.0707 | G36: =_xlfn.NUMBERVALUE(MID(G22,2,FIND(";",G22,1)-2)) -> 0.0707 | H36: =_xlfn.NUMBERVALUE(MID(H22,2,FIND(";",H22,1)-2)) -> 0 | I36: =_xlfn.NUMBERVALUE(MID(I22,2,FIND(";",I22,1)-2)) -> 0 | ... M36: =_xlfn.NUMBERVALUE(MID(M22,2,FIND(";",M22,1)-2)) -> 0.0707
A37: DRI10 | B37: =_xlfn.NUMBERVALUE(MID(B23,2,FIND(";",B23,1)-2)) -> 0 | C37: =_xlfn.NUMBERVALUE(MID(C23,2,FIND(";",C23,1)-2)) -> 0 | D37: =_xlfn.NUMBERVALUE(MID(D23,2,FIND(";",D23,1)-2)) -> 0 | E37: =_xlfn.NUMBERVALUE(MID(E23,2,FIND(";",E23,1)-2)) -> 0 | F37: =_xlfn.NUMBERVALUE(MID(F23,2,FIND(";",F23,1)-2)) -> 0 | G37: =_xlfn.NUMBERVALUE(MID(G23,2,FIND(";",G23,1)-2)) -> 0 | H37: =_xlfn.NUMBERVALUE(MID(H23,2,FIND(";",H23,1)-2)) -> 0 | I37: =_xlfn.NUMBERVALUE(MID(I23,2,FIND(";",I23,1)-2)) -> 0 | ... M37: =_xlfn.NUMBERVALUE(MID(M23,2,FIND(";",M23,1)-2)) -> 0.1897
A38: DRI11 | B38: =_xlfn.NUMBERVALUE(MID(B24,2,FIND(";",B24,1)-2)) -> 0.1673 | C38: =_xlfn.NUMBERVALUE(MID(C24,2,FIND(";",C24,1)-2)) -> 0 | D38: =_xlfn.NUMBERVALUE(MID(D24,2,FIND(";",D24,1)-2)) -> 0 | E38: =_xlfn.NUMBERVALUE(MID(E24,2,FIND(";",E24,1)-2)) -> 0 | F38: =_xlfn.NUMBERVALUE(MID(F24,2,FIND(";",F24,1)-2)) -> 0 | G38: =_xlfn.NUMBERVALUE(MID(G24,2,FIND(";",G24,1)-2)) -> 0 | H38: =_xlfn.NUMBERVALUE(MID(H24,2,FIND(";",H24,1)-2)) -> 0.1673 | I38: =_xlfn.NUMBERVALUE(MID(I24,2,FIND(";",I24,1)-2)) -> 0 | ... M38: =_xlfn.NUMBERVALUE(MID(M24,2,FIND(";",M24,1)-2)) -> 0.2846
A39: DRI13 | B39: =_xlfn.NUMBERVALUE(MID(B25,2,FIND(";",B25,1)-2)) -> 0 | C39: =_xlfn.NUMBERVALUE(MID(C25,2,FIND(";",C25,1)-2)) -> 0 | D39: =_xlfn.NUMBERVALUE(MID(D25,2,FIND(";",D25,1)-2)) -> 0 | E39: =_xlfn.NUMBERVALUE(MID(E25,2,FIND(";",E25,1)-2)) -> 0 | F39: =_xlfn.NUMBERVALUE(MID(F25,2,FIND(";",F25,1)-2)) -> 0.0707 | G39: =_xlfn.NUMBERVALUE(MID(G25,2,FIND(";",G25,1)-2)) -> 0 | H39: =_xlfn.NUMBERVALUE(MID(H25,2,FIND(";",H25,1)-2)) -> 0 | I39: =_xlfn.NUMBERVALUE(MID(I25,2,FIND(";",I25,1)-2)) -> 0 | ... M39: =_xlfn.NUMBERVALUE(MID(M25,2,FIND(";",M25,1)-2)) -> 0
A40: DRI14 | B40: =_xlfn.NUMBERVALUE(MID(B26,2,FIND(";",B26,1)-2)) -> 0 | C40: =_xlfn.NUMBERVALUE(MID(C26,2,FIND(";",C26,1)-2)) -> 0 | D40: =_xlfn.NUMBERVALUE(MID(D26,2,FIND(";",D26,1)-2)) -> 0 | E40: =_xlfn.NUMBERVALUE(MID(E26,2,FIND(";",E26,1)-2)) -> 0 | F40: =_xlfn.NUMBERVALUE(MID(F26,2,FIND(";",F26,1)-2)) -> 0 | G40: =_xlfn.NUMBERVALUE(MID(G26,2,FIND(";",G26,1)-2)) -> 0 | H40: =_xlfn.NUMBERVALUE(MID(H26,2,FIND(";",H26,1)-2)) -> 0 | I40: =_xlfn.NUMBERVALUE(MID(I26,2,FIND(";",I26,1)-2)) -> 0 | ... M40: =_xlfn.NUMBERVALUE(MID(M26,2,FIND(";",M26,1)-2)) -> 0.1897
A41: DRI15 | B41: =_xlfn.NUMBERVALUE(MID(B27,2,FIND(";",B27,1)-2)) -> 0 | C41: =_xlfn.NUMBERVALUE(MID(C27,2,FIND(";",C27,1)-2)) -> 0 | D41: =_xlfn.NUMBERVALUE(MID(D27,2,FIND(";",D27,1)-2)) -> 0 | E41: =_xlfn.NUMBERVALUE(MID(E27,2,FIND(";",E27,1)-2)) -> 0.0707 | F41: =_xlfn.NUMBERVALUE(MID(F27,2,FIND(";",F27,1)-2)) -> 0 | G41: =_xlfn.NUMBERVALUE(MID(G27,2,FIND(";",G27,1)-2)) -> 0 | H41: =_xlfn.NUMBERVALUE(MID(H27,2,FIND(";",H27,1)-2)) -> 0 | I41: =_xlfn.NUMBERVALUE(MID(I27,2,FIND(";",I27,1)-2)) -> 0 | ... M41: =_xlfn.NUMBERVALUE(MID(M27,2,FIND(";",M27,1)-2)) -> 0
A43: M | B43: DRI1 | C43: DRI3 | D43: DRI4 | E43: DRI5 | F43: DRI6 | G43: DRI7 | H43: DRI9 | I43: DRI10 | J43: DRI11 | K43: DRI13 | L43: DRI14 | M43: DRI15
A44: DRI1 | B44: =_xlfn.NUMBERVALUE(MID(B16,FIND(";",B16,1)+1,FIND(";",B16,FIND(";",B16,1)+1)-FIND(";",B16,1)-1)) -> 0 | C44: =_xlfn.NUMBERVALUE(MID(C16,FIND(";",C16,1)+1,FIND(";",C16,FIND(";",C16,1)+1)-FIND(";",C16,1)-1)) -> 0.251 | D44: =_xlfn.NUMBERVALUE(MID(D16,FIND(";",D16,1)+1,FIND(";",D16,FIND(";",D16,1)+1)-FIND(";",D16,1)-1)) -> 0.2846 | E44: =_xlfn.NUMBERVALUE(MID(E16,FIND(";",E16,1)+1,FIND(";",E16,FIND(";",E16,1)+1)-FIND(";",E16,1)-1)) -> 0.1673 | F44: =_xlfn.NUMBERVALUE(MID(F16,FIND(";",F16,1)+1,FIND(";",F16,FIND(";",F16,1)+1)-FIND(";",F16,1)-1)) -> 0.0707 | G44: =_xlfn.NUMBERVALUE(MID(G16,FIND(";",G16,1)+1,FIND(";",G16,FIND(";",G16,1)+1)-FIND(";",G16,1)-1)) -> 0 | H44: =_xlfn.NUMBERVALUE(MID(H16,FIND(";",H16,1)+1,FIND(";",H16,FIND(";",H16,1)+1)-FIND(";",H16,1)-1)) -> 0 | I44: =_xlfn.NUMBERVALUE(MID(I16,FIND(";",I16,1)+1,FIND(";",I16,FIND(";",I16,1)+1)-FIND(";",I16,1)-1)) -> 0 | ... M44: =_xlfn.NUMBERVALUE(MID(M16,FIND(";",M16,1)+1,FIND(";",M16,FIND(";",M16,1)+1)-FIND(";",M16,1)-1)) -> 0.0548
A45: DRI3 | B45: =_xlfn.NUMBERVALUE(MID(B17,FIND(";",B17,1)+1,FIND(";",B17,FIND(";",B17,1)+1)-FIND(";",B17,1)-1)) -> 0.0707 | C45: =_xlfn.NUMBERVALUE(MID(C17,FIND(";",C17,1)+1,FIND(";",C17,FIND(";",C17,1)+1)-FIND(";",C17,1)-1)) -> 0 | D45: =_xlfn.NUMBERVALUE(MID(D17,FIND(";",D17,1)+1,FIND(";",D17,FIND(";",D17,1)+1)-FIND(";",D17,1)-1)) -> 0.3795 | E45: =_xlfn.NUMBERVALUE(MID(E17,FIND(";",E17,1)+1,FIND(";",E17,FIND(";",E17,1)+1)-FIND(";",E17,1)-1)) -> 0.3795 | F45: =_xlfn.NUMBERVALUE(MID(F17,FIND(";",F17,1)+1,FIND(";",F17,FIND(";",F17,1)+1)-FIND(";",F17,1)-1)) -> 0 | G45: =_xlfn.NUMBERVALUE(MID(G17,FIND(";",G17,1)+1,FIND(";",G17,FIND(";",G17,1)+1)-FIND(";",G17,1)-1)) -> 0.0707 | H45: =_xlfn.NUMBERVALUE(MID(H17,FIND(";",H17,1)+1,FIND(";",H17,FIND(";",H17,1)+1)-FIND(";",H17,1)-1)) -> 0.2846 | I45: =_xlfn.NUMBERVALUE(MID(I17,FIND(";",I17,1)+1,FIND(";",I17,FIND(";",I17,1)+1)-FIND(";",I17,1)-1)) -> 0 | ... M45: =_xlfn.NUMBERVALUE(MID(M17,FIND(";",M17,1)+1,FIND(";",M17,FIND(";",M17,1)+1)-FIND(";",M17,1)-1)) -> 0.2846
A46: DRI4 | B46: =_xlfn.NUMBERVALUE(MID(B18,FIND(";",B18,1)+1,FIND(";",B18,FIND(";",B18,1)+1)-FIND(";",B18,1)-1)) -> 0.0707 | C46: =_xlfn.NUMBERVALUE(MID(C18,FIND(";",C18,1)+1,FIND(";",C18,FIND(";",C18,1)+1)-FIND(";",C18,1)-1)) -> 0.0707 | D46: =_xlfn.NUMBERVALUE(MID(D18,FIND(";",D18,1)+1,FIND(";",D18,FIND(";",D18,1)+1)-FIND(";",D18,1)-1)) -> 0 | E46: =_xlfn.NUMBERVALUE(MID(E18,FIND(";",E18,1)+1,FIND(";",E18,FIND(";",E18,1)+1)-FIND(";",E18,1)-1)) -> 0.2121 | F46: =_xlfn.NUMBERVALUE(MID(F18,FIND(";",F18,1)+1,FIND(";",F18,FIND(";",F18,1)+1)-FIND(";",F18,1)-1)) -> 0.0707 | G46: =_xlfn.NUMBERVALUE(MID(G18,FIND(";",G18,1)+1,FIND(";",G18,FIND(";",G18,1)+1)-FIND(";",G18,1)-1)) -> 0.1673 | H46: =_xlfn.NUMBERVALUE(MID(H18,FIND(";",H18,1)+1,FIND(";",H18,FIND(";",H18,1)+1)-FIND(";",H18,1)-1)) -> 0.0548 | I46: =_xlfn.NUMBERVALUE(MID(I18,FIND(";",I18,1)+1,FIND(";",I18,FIND(";",I18,1)+1)-FIND(";",I18,1)-1)) -> 0.0548 | ... M46: =_xlfn.NUMBERVALUE(MID(M18,FIND(";",M18,1)+1,FIND(";",M18,FIND(";",M18,1)+1)-FIND(";",M18,1)-1)) -> 0.3795
A47: DRI5 | B47: =_xlfn.NUMBERVALUE(MID(B19,FIND(";",B19,1)+1,FIND(";",B19,FIND(";",B19,1)+1)-FIND(";",B19,1)-1)) -> 0.1414 | C47: =_xlfn.NUMBERVALUE(MID(C19,FIND(";",C19,1)+1,FIND(";",C19,FIND(";",C19,1)+1)-FIND(";",C19,1)-1)) -> 0 | D47: =_xlfn.NUMBERVALUE(MID(D19,FIND(";",D19,1)+1,FIND(";",D19,FIND(";",D19,1)+1)-FIND(";",D19,1)-1)) -> 0.0548 | E47: =_xlfn.NUMBERVALUE(MID(E19,FIND(";",E19,1)+1,FIND(";",E19,FIND(";",E19,1)+1)-FIND(";",E19,1)-1)) -> 0 | F47: =_xlfn.NUMBERVALUE(MID(F19,FIND(";",F19,1)+1,FIND(";",F19,FIND(";",F19,1)+1)-FIND(";",F19,1)-1)) -> 0.251 | G47: =_xlfn.NUMBERVALUE(MID(G19,FIND(";",G19,1)+1,FIND(";",G19,FIND(";",G19,1)+1)-FIND(";",G19,1)-1)) -> 0.0707 | H47: =_xlfn.NUMBERVALUE(MID(H19,FIND(";",H19,1)+1,FIND(";",H19,FIND(";",H19,1)+1)-FIND(";",H19,1)-1)) -> 0.2846 | I47: =_xlfn.NUMBERVALUE(MID(I19,FIND(";",I19,1)+1,FIND(";",I19,FIND(";",I19,1)+1)-FIND(";",I19,1)-1)) -> 0 | ... M47: =_xlfn.NUMBERVALUE(MID(M19,FIND(";",M19,1)+1,FIND(";",M19,FIND(";",M19,1)+1)-FIND(";",M19,1)-1)) -> 0.3795
A48: DRI6 | B48: =_xlfn.NUMBERVALUE(MID(B20,FIND(";",B20,1)+1,FIND(";",B20,FIND(";",B20,1)+1)-FIND(";",B20,1)-1)) -> 0 | C48: =_xlfn.NUMBERVALUE(MID(C20,FIND(";",C20,1)+1,FIND(";",C20,FIND(";",C20,1)+1)-FIND(";",C20,1)-1)) -> 0.0316 | D48: =_xlfn.NUMBERVALUE(MID(D20,FIND(";",D20,1)+1,FIND(";",D20,FIND(";",D20,1)+1)-FIND(";",D20,1)-1)) -> 0 | E48: =_xlfn.NUMBERVALUE(MID(E20,FIND(";",E20,1)+1,FIND(";",E20,FIND(";",E20,1)+1)-FIND(";",E20,1)-1)) -> 0.0707 | F48: =_xlfn.NUMBERVALUE(MID(F20,FIND(";",F20,1)+1,FIND(";",F20,FIND(";",F20,1)+1)-FIND(";",F20,1)-1)) -> 0 | G48: =_xlfn.NUMBERVALUE(MID(G20,FIND(";",G20,1)+1,FIND(";",G20,FIND(";",G20,1)+1)-FIND(";",G20,1)-1)) -> 0.1673 | H48: =_xlfn.NUMBERVALUE(MID(H20,FIND(";",H20,1)+1,FIND(";",H20,FIND(";",H20,1)+1)-FIND(";",H20,1)-1)) -> 0 | I48: =_xlfn.NUMBERVALUE(MID(I20,FIND(";",I20,1)+1,FIND(";",I20,FIND(";",I20,1)+1)-FIND(";",I20,1)-1)) -> 0 | ... M48: =_xlfn.NUMBERVALUE(MID(M20,FIND(";",M20,1)+1,FIND(";",M20,FIND(";",M20,1)+1)-FIND(";",M20,1)-1)) -> 0.0707
A49: DRI7 | B49: =_xlfn.NUMBERVALUE(MID(B21,FIND(";",B21,1)+1,FIND(";",B21,FIND(";",B21,1)+1)-FIND(";",B21,1)-1)) -> 0.0707 | C49: =_xlfn.NUMBERVALUE(MID(C21,FIND(";",C21,1)+1,FIND(";",C21,FIND(";",C21,1)+1)-FIND(";",C21,1)-1)) -> 0 | D49: =_xlfn.NUMBERVALUE(MID(D21,FIND(";",D21,1)+1,FIND(";",D21,FIND(";",D21,1)+1)-FIND(";",D21,1)-1)) -> 0.0548 | E49: =_xlfn.NUMBERVALUE(MID(E21,FIND(";",E21,1)+1,FIND(";",E21,FIND(";",E21,1)+1)-FIND(";",E21,1)-1)) -> 0 | F49: =_xlfn.NUMBERVALUE(MID(F21,FIND(";",F21,1)+1,FIND(";",F21,FIND(";",F21,1)+1)-FIND(";",F21,1)-1)) -> 0 | G49: =_xlfn.NUMBERVALUE(MID(G21,FIND(";",G21,1)+1,FIND(";",G21,FIND(";",G21,1)+1)-FIND(";",G21,1)-1)) -> 0 | H49: =_xlfn.NUMBERVALUE(MID(H21,FIND(";",H21,1)+1,FIND(";",H21,FIND(";",H21,1)+1)-FIND(";",H21,1)-1)) -> 0.0707 | I49: =_xlfn.NUMBERVALUE(MID(I21,FIND(";",I21,1)+1,FIND(";",I21,FIND(";",I21,1)+1)-FIND(";",I21,1)-1)) -> 0 | ... M49: =_xlfn.NUMBERVALUE(MID(M21,FIND(";",M21,1)+1,FIND(";",M21,FIND(";",M21,1)+1)-FIND(";",M21,1)-1)) -> 0.0316
A50: DRI9 | B50: =_xlfn.NUMBERVALUE(MID(B22,FIND(";",B22,1)+1,FIND(";",B22,FIND(";",B22,1)+1)-FIND(";",B22,1)-1)) -> 0 | C50: =_xlfn.NUMBERVALUE(MID(C22,FIND(";",C22,1)+1,FIND(";",C22,FIND(";",C22,1)+1)-FIND(";",C22,1)-1)) -> 0 | D50: =_xlfn.NUMBERVALUE(MID(D22,FIND(";",D22,1)+1,FIND(";",D22,FIND(";",D22,1)+1)-FIND(";",D22,1)-1)) -> 0.0548 | E50: =_xlfn.NUMBERVALUE(MID(E22,FIND(";",E22,1)+1,FIND(";",E22,FIND(";",E22,1)+1)-FIND(";",E22,1)-1)) -> 0 | F50: =_xlfn.NUMBERVALUE(MID(F22,FIND(";",F22,1)+1,FIND(";",F22,FIND(";",F22,1)+1)-FIND(";",F22,1)-1)) -> 0.1414 | G50: =_xlfn.NUMBERVALUE(MID(G22,FIND(";",G22,1)+1,FIND(";",G22,FIND(";",G22,1)+1)-FIND(";",G22,1)-1)) -> 0.1414 | H50: =_xlfn.NUMBERVALUE(MID(H22,FIND(";",H22,1)+1,FIND(";",H22,FIND(";",H22,1)+1)-FIND(";",H22,1)-1)) -> 0 | I50: =_xlfn.NUMBERVALUE(MID(I22,FIND(";",I22,1)+1,FIND(";",I22,FIND(";",I22,1)+1)-FIND(";",I22,1)-1)) -> 0.0707 | ... M50: =_xlfn.NUMBERVALUE(MID(M22,FIND(";",M22,1)+1,FIND(";",M22,FIND(";",M22,1)+1)-FIND(";",M22,1)-1)) -> 0.1414
A51: DRI10 | B51: =_xlfn.NUMBERVALUE(MID(B23,FIND(";",B23,1)+1,FIND(";",B23,FIND(";",B23,1)+1)-FIND(";",B23,1)-1)) -> 0.0837 | C51: =_xlfn.NUMBERVALUE(MID(C23,FIND(";",C23,1)+1,FIND(";",C23,FIND(";",C23,1)+1)-FIND(";",C23,1)-1)) -> 0 | D51: =_xlfn.NUMBERVALUE(MID(D23,FIND(";",D23,1)+1,FIND(";",D23,FIND(";",D23,1)+1)-FIND(";",D23,1)-1)) -> 0.0707 | E51: =_xlfn.NUMBERVALUE(MID(E23,FIND(";",E23,1)+1,FIND(";",E23,FIND(";",E23,1)+1)-FIND(";",E23,1)-1)) -> 0 | F51: =_xlfn.NUMBERVALUE(MID(F23,FIND(";",F23,1)+1,FIND(";",F23,FIND(";",F23,1)+1)-FIND(";",F23,1)-1)) -> 0.0548 | G51: =_xlfn.NUMBERVALUE(MID(G23,FIND(";",G23,1)+1,FIND(";",G23,FIND(";",G23,1)+1)-FIND(";",G23,1)-1)) -> 0.0548 | H51: =_xlfn.NUMBERVALUE(MID(H23,FIND(";",H23,1)+1,FIND(";",H23,FIND(";",H23,1)+1)-FIND(";",H23,1)-1)) -> 0.0707 | I51: =_xlfn.NUMBERVALUE(MID(I23,FIND(";",I23,1)+1,FIND(";",I23,FIND(";",I23,1)+1)-FIND(";",I23,1)-1)) -> 0 | ... M51: =_xlfn.NUMBERVALUE(MID(M23,FIND(";",M23,1)+1,FIND(";",M23,FIND(";",M23,1)+1)-FIND(";",M23,1)-1)) -> 0.2846
A52: DRI11 | B52: =_xlfn.NUMBERVALUE(MID(B24,FIND(";",B24,1)+1,FIND(";",B24,FIND(";",B24,1)+1)-FIND(";",B24,1)-1)) -> 0.251 | C52: =_xlfn.NUMBERVALUE(MID(C24,FIND(";",C24,1)+1,FIND(";",C24,FIND(";",C24,1)+1)-FIND(";",C24,1)-1)) -> 0.0548 | D52: =_xlfn.NUMBERVALUE(MID(D24,FIND(";",D24,1)+1,FIND(";",D24,FIND(";",D24,1)+1)-FIND(";",D24,1)-1)) -> 0.0548 | E52: =_xlfn.NUMBERVALUE(MID(E24,FIND(";",E24,1)+1,FIND(";",E24,FIND(";",E24,1)+1)-FIND(";",E24,1)-1)) -> 0.0707 | F52: =_xlfn.NUMBERVALUE(MID(F24,FIND(";",F24,1)+1,FIND(";",F24,FIND(";",F24,1)+1)-FIND(";",F24,1)-1)) -> 0 | G52: =_xlfn.NUMBERVALUE(MID(G24,FIND(";",G24,1)+1,FIND(";",G24,FIND(";",G24,1)+1)-FIND(";",G24,1)-1)) -> 0 | H52: =_xlfn.NUMBERVALUE(MID(H24,FIND(";",H24,1)+1,FIND(";",H24,FIND(";",H24,1)+1)-FIND(";",H24,1)-1)) -> 0.251 | I52: =_xlfn.NUMBERVALUE(MID(I24,FIND(";",I24,1)+1,FIND(";",I24,FIND(";",I24,1)+1)-FIND(";",I24,1)-1)) -> 0 | ... M52: =_xlfn.NUMBERVALUE(MID(M24,FIND(";",M24,1)+1,FIND(";",M24,FIND(";",M24,1)+1)-FIND(";",M24,1)-1)) -> 0.3795
A53: DRI13 | B53: =_xlfn.NUMBERVALUE(MID(B25,FIND(";",B25,1)+1,FIND(";",B25,FIND(";",B25,1)+1)-FIND(";",B25,1)-1)) -> 0.0707 | C53: =_xlfn.NUMBERVALUE(MID(C25,FIND(";",C25,1)+1,FIND(";",C25,FIND(";",C25,1)+1)-FIND(";",C25,1)-1)) -> 0.0837 | D53: =_xlfn.NUMBERVALUE(MID(D25,FIND(";",D25,1)+1,FIND(";",D25,FIND(";",D25,1)+1)-FIND(";",D25,1)-1)) -> 0.0548 | E53: =_xlfn.NUMBERVALUE(MID(E25,FIND(";",E25,1)+1,FIND(";",E25,FIND(";",E25,1)+1)-FIND(";",E25,1)-1)) -> 0.0707 | F53: =_xlfn.NUMBERVALUE(MID(F25,FIND(";",F25,1)+1,FIND(";",F25,FIND(";",F25,1)+1)-FIND(";",F25,1)-1)) -> 0.1414 | G53: =_xlfn.NUMBERVALUE(MID(G25,FIND(";",G25,1)+1,FIND(";",G25,FIND(";",G25,1)+1)-FIND(";",G25,1)-1)) -> 0.0548 | H53: =_xlfn.NUMBERVALUE(MID(H25,FIND(";",H25,1)+1,FIND(";",H25,FIND(";",H25,1)+1)-FIND(";",H25,1)-1)) -> 0 | I53: =_xlfn.NUMBERVALUE(MID(I25,FIND(";",I25,1)+1,FIND(";",I25,FIND(";",I25,1)+1)-FIND(";",I25,1)-1)) -> 0.0548 | ... M53: =_xlfn.NUMBERVALUE(MID(M25,FIND(";",M25,1)+1,FIND(";",M25,FIND(";",M25,1)+1)-FIND(";",M25,1)-1)) -> 0.0548
A54: DRI14 | B54: =_xlfn.NUMBERVALUE(MID(B26,FIND(";",B26,1)+1,FIND(";",B26,FIND(";",B26,1)+1)-FIND(";",B26,1)-1)) -> 0 | C54: =_xlfn.NUMBERVALUE(MID(C26,FIND(";",C26,1)+1,FIND(";",C26,FIND(";",C26,1)+1)-FIND(";",C26,1)-1)) -> 0.0707 | D54: =_xlfn.NUMBERVALUE(MID(D26,FIND(";",D26,1)+1,FIND(";",D26,FIND(";",D26,1)+1)-FIND(";",D26,1)-1)) -> 0 | E54: =_xlfn.NUMBERVALUE(MID(E26,FIND(";",E26,1)+1,FIND(";",E26,FIND(";",E26,1)+1)-FIND(";",E26,1)-1)) -> 0 | F54: =_xlfn.NUMBERVALUE(MID(F26,FIND(";",F26,1)+1,FIND(";",F26,FIND(";",F26,1)+1)-FIND(";",F26,1)-1)) -> 0 | G54: =_xlfn.NUMBERVALUE(MID(G26,FIND(";",G26,1)+1,FIND(";",G26,FIND(";",G26,1)+1)-FIND(";",G26,1)-1)) -> 0 | H54: =_xlfn.NUMBERVALUE(MID(H26,FIND(";",H26,1)+1,FIND(";",H26,FIND(";",H26,1)+1)-FIND(";",H26,1)-1)) -> 0.0548 | I54: =_xlfn.NUMBERVALUE(MID(I26,FIND(";",I26,1)+1,FIND(";",I26,FIND(";",I26,1)+1)-FIND(";",I26,1)-1)) -> 0 | ... M54: =_xlfn.NUMBERVALUE(MID(M26,FIND(";",M26,1)+1,FIND(";",M26,FIND(";",M26,1)+1)-FIND(";",M26,1)-1)) -> 0.2846
A55: DRI15 | B55: =_xlfn.NUMBERVALUE(MID(B27,FIND(";",B27,1)+1,FIND(";",B27,FIND(";",B27,1)+1)-FIND(";",B27,1)-1)) -> 0 | C55: =_xlfn.NUMBERVALUE(MID(C27,FIND(";",C27,1)+1,FIND(";",C27,FIND(";",C27,1)+1)-FIND(";",C27,1)-1)) -> 0.0837 | D55: =_xlfn.NUMBERVALUE(MID(D27,FIND(";",D27,1)+1,FIND(";",D27,FIND(";",D27,1)+1)-FIND(";",D27,1)-1)) -> 0 | E55: =_xlfn.NUMBERVALUE(MID(E27,FIND(";",E27,1)+1,FIND(";",E27,FIND(";",E27,1)+1)-FIND(";",E27,1)-1)) -> 0.1414 | F55: =_xlfn.NUMBERVALUE(MID(F27,FIND(";",F27,1)+1,FIND(";",F27,FIND(";",F27,1)+1)-FIND(";",F27,1)-1)) -> 0 | G55: =_xlfn.NUMBERVALUE(MID(G27,FIND(";",G27,1)+1,FIND(";",G27,FIND(";",G27,1)+1)-FIND(";",G27,1)-1)) -> 0 | H55: =_xlfn.NUMBERVALUE(MID(H27,FIND(";",H27,1)+1,FIND(";",H27,FIND(";",H27,1)+1)-FIND(";",H27,1)-1)) -> 0 | I55: =_xlfn.NUMBERVALUE(MID(I27,FIND(";",I27,1)+1,FIND(";",I27,FIND(";",I27,1)+1)-FIND(";",I27,1)-1)) -> 0.0548 | ... M55: =_xlfn.NUMBERVALUE(MID(M27,FIND(";",M27,1)+1,FIND(";",M27,FIND(";",M27,1)+1)-FIND(";",M27,1)-1)) -> 0
A57: U | B57: DRI1 | C57: DRI3 | D57: DRI4 | E57: DRI5 | F57: DRI6 | G57: DRI7 | H57: DRI9 | I57: DRI10 | J57: DRI11 | K57: DRI13 | L57: DRI14 | M57: DRI15
A58: DRI1 | B58: =_xlfn.NUMBERVALUE(MID(B16,FIND(";",B16,FIND(";",B16,1)+1)+1, LEN(B16)-FIND(";",B16,FIND(";",B16,1)+1)-1)) -> 0 | C58: =_xlfn.NUMBERVALUE(MID(C16,FIND(";",C16,FIND(";",C16,1)+1)+1, LEN(C16)-FIND(";",C16,FIND(";",C16,1)+1)-1)) -> 0.3347 | D58: =_xlfn.NUMBERVALUE(MID(D16,FIND(";",D16,FIND(";",D16,1)+1)+1, LEN(D16)-FIND(";",D16,FIND(";",D16,1)+1)-1)) -> 0.3795 | E58: =_xlfn.NUMBERVALUE(MID(E16,FIND(";",E16,FIND(";",E16,1)+1)+1, LEN(E16)-FIND(";",E16,FIND(";",E16,1)+1)-1)) -> 0.251 | F58: =_xlfn.NUMBERVALUE(MID(F16,FIND(";",F16,FIND(";",F16,1)+1)+1, LEN(F16)-FIND(";",F16,FIND(";",F16,1)+1)-1)) -> 0.1414 | G58: =_xlfn.NUMBERVALUE(MID(G16,FIND(";",G16,FIND(";",G16,1)+1)+1, LEN(G16)-FIND(";",G16,FIND(";",G16,1)+1)-1)) -> 0.0548 | H58: =_xlfn.NUMBERVALUE(MID(H16,FIND(";",H16,FIND(";",H16,1)+1)+1, LEN(H16)-FIND(";",H16,FIND(";",H16,1)+1)-1)) -> 0.0707 | I58: =_xlfn.NUMBERVALUE(MID(I16,FIND(";",I16,FIND(";",I16,1)+1)+1, LEN(I16)-FIND(";",I16,FIND(";",I16,1)+1)-1)) -> 0.0707 | ... M58: =_xlfn.NUMBERVALUE(MID(M16,FIND(";",M16,FIND(";",M16,1)+1)+1, LEN(M16)-FIND(";",M16,FIND(";",M16,1)+1)-1)) -> 0.1095
A59: DRI3 | B59: =_xlfn.NUMBERVALUE(MID(B17,FIND(";",B17,FIND(";",B17,1)+1)+1, LEN(B17)-FIND(";",B17,FIND(";",B17,1)+1)-1)) -> 0.1414 | C59: =_xlfn.NUMBERVALUE(MID(C17,FIND(";",C17,FIND(";",C17,1)+1)+1, LEN(C17)-FIND(";",C17,FIND(";",C17,1)+1)-1)) -> 0 | D59: =_xlfn.NUMBERVALUE(MID(D17,FIND(";",D17,FIND(";",D17,1)+1)+1, LEN(D17)-FIND(";",D17,FIND(";",D17,1)+1)-1)) -> 0.3795 | E59: =_xlfn.NUMBERVALUE(MID(E17,FIND(";",E17,FIND(";",E17,1)+1)+1, LEN(E17)-FIND(";",E17,FIND(";",E17,1)+1)-1)) -> 0.3795 | F59: =_xlfn.NUMBERVALUE(MID(F17,FIND(";",F17,FIND(";",F17,1)+1)+1, LEN(F17)-FIND(";",F17,FIND(";",F17,1)+1)-1)) -> 0.0707 | G59: =_xlfn.NUMBERVALUE(MID(G17,FIND(";",G17,FIND(";",G17,1)+1)+1, LEN(G17)-FIND(";",G17,FIND(";",G17,1)+1)-1)) -> 0.1414 | H59: =_xlfn.NUMBERVALUE(MID(H17,FIND(";",H17,FIND(";",H17,1)+1)+1, LEN(H17)-FIND(";",H17,FIND(";",H17,1)+1)-1)) -> 0.3795 | I59: =_xlfn.NUMBERVALUE(MID(I17,FIND(";",I17,FIND(";",I17,1)+1)+1, LEN(I17)-FIND(";",I17,FIND(";",I17,1)+1)-1)) -> 0.0707 | ... M59: =_xlfn.NUMBERVALUE(MID(M17,FIND(";",M17,FIND(";",M17,1)+1)+1, LEN(M17)-FIND(";",M17,FIND(";",M17,1)+1)-1)) -> 0.3795
A60: DRI4 | B60: =_xlfn.NUMBERVALUE(MID(B18,FIND(";",B18,FIND(";",B18,1)+1)+1, LEN(B18)-FIND(";",B18,FIND(";",B18,1)+1)-1)) -> 0.1414 | C60: =_xlfn.NUMBERVALUE(MID(C18,FIND(";",C18,FIND(";",C18,1)+1)+1, LEN(C18)-FIND(";",C18,FIND(";",C18,1)+1)-1)) -> 0.1414 | D60: =_xlfn.NUMBERVALUE(MID(D18,FIND(";",D18,FIND(";",D18,1)+1)+1, LEN(D18)-FIND(";",D18,FIND(";",D18,1)+1)-1)) -> 0 | E60: =_xlfn.NUMBERVALUE(MID(E18,FIND(";",E18,FIND(";",E18,1)+1)+1, LEN(E18)-FIND(";",E18,FIND(";",E18,1)+1)-1)) -> 0.2828 | F60: =_xlfn.NUMBERVALUE(MID(F18,FIND(";",F18,FIND(";",F18,1)+1)+1, LEN(F18)-FIND(";",F18,FIND(";",F18,1)+1)-1)) -> 0.1414 | G60: =_xlfn.NUMBERVALUE(MID(G18,FIND(";",G18,FIND(";",G18,1)+1)+1, LEN(G18)-FIND(";",G18,FIND(";",G18,1)+1)-1)) -> 0.251 | H60: =_xlfn.NUMBERVALUE(MID(H18,FIND(";",H18,FIND(";",H18,1)+1)+1, LEN(H18)-FIND(";",H18,FIND(";",H18,1)+1)-1)) -> 0.1095 | I60: =_xlfn.NUMBERVALUE(MID(I18,FIND(";",I18,FIND(";",I18,1)+1)+1, LEN(I18)-FIND(";",I18,FIND(";",I18,1)+1)-1)) -> 0.1095 | ... M60: =_xlfn.NUMBERVALUE(MID(M18,FIND(";",M18,FIND(";",M18,1)+1)+1, LEN(M18)-FIND(";",M18,FIND(";",M18,1)+1)-1)) -> 0.3795
A61: DRI5 | B61: =_xlfn.NUMBERVALUE(MID(B19,FIND(";",B19,FIND(";",B19,1)+1)+1, LEN(B19)-FIND(";",B19,FIND(";",B19,1)+1)-1)) -> 0.2121 | C61: =_xlfn.NUMBERVALUE(MID(C19,FIND(";",C19,FIND(";",C19,1)+1)+1, LEN(C19)-FIND(";",C19,FIND(";",C19,1)+1)-1)) -> 0.0837 | D61: =_xlfn.NUMBERVALUE(MID(D19,FIND(";",D19,FIND(";",D19,1)+1)+1, LEN(D19)-FIND(";",D19,FIND(";",D19,1)+1)-1)) -> 0.1095 | E61: =_xlfn.NUMBERVALUE(MID(E19,FIND(";",E19,FIND(";",E19,1)+1)+1, LEN(E19)-FIND(";",E19,FIND(";",E19,1)+1)-1)) -> 0 | F61: =_xlfn.NUMBERVALUE(MID(F19,FIND(";",F19,FIND(";",F19,1)+1)+1, LEN(F19)-FIND(";",F19,FIND(";",F19,1)+1)-1)) -> 0.3347 | G61: =_xlfn.NUMBERVALUE(MID(G19,FIND(";",G19,FIND(";",G19,1)+1)+1, LEN(G19)-FIND(";",G19,FIND(";",G19,1)+1)-1)) -> 0.1414 | H61: =_xlfn.NUMBERVALUE(MID(H19,FIND(";",H19,FIND(";",H19,1)+1)+1, LEN(H19)-FIND(";",H19,FIND(";",H19,1)+1)-1)) -> 0.3795 | I61: =_xlfn.NUMBERVALUE(MID(I19,FIND(";",I19,FIND(";",I19,1)+1)+1, LEN(I19)-FIND(";",I19,FIND(";",I19,1)+1)-1)) -> 0.0707 | ... M61: =_xlfn.NUMBERVALUE(MID(M19,FIND(";",M19,FIND(";",M19,1)+1)+1, LEN(M19)-FIND(";",M19,FIND(";",M19,1)+1)-1)) -> 0.3795
A62: DRI6 | B62: =_xlfn.NUMBERVALUE(MID(B20,FIND(";",B20,FIND(";",B20,1)+1)+1, LEN(B20)-FIND(";",B20,FIND(";",B20,1)+1)-1)) -> 0.0707 | C62: =_xlfn.NUMBERVALUE(MID(C20,FIND(";",C20,FIND(";",C20,1)+1)+1, LEN(C20)-FIND(";",C20,FIND(";",C20,1)+1)-1)) -> 0.0632 | D62: =_xlfn.NUMBERVALUE(MID(D20,FIND(";",D20,FIND(";",D20,1)+1)+1, LEN(D20)-FIND(";",D20,FIND(";",D20,1)+1)-1)) -> 0.0548 | E62: =_xlfn.NUMBERVALUE(MID(E20,FIND(";",E20,FIND(";",E20,1)+1)+1, LEN(E20)-FIND(";",E20,FIND(";",E20,1)+1)-1)) -> 0.1414 | F62: =_xlfn.NUMBERVALUE(MID(F20,FIND(";",F20,FIND(";",F20,1)+1)+1, LEN(F20)-FIND(";",F20,FIND(";",F20,1)+1)-1)) -> 0 | G62: =_xlfn.NUMBERVALUE(MID(G20,FIND(";",G20,FIND(";",G20,1)+1)+1, LEN(G20)-FIND(";",G20,FIND(";",G20,1)+1)-1)) -> 0.251 | H62: =_xlfn.NUMBERVALUE(MID(H20,FIND(";",H20,FIND(";",H20,1)+1)+1, LEN(H20)-FIND(";",H20,FIND(";",H20,1)+1)-1)) -> 0.0707 | I62: =_xlfn.NUMBERVALUE(MID(I20,FIND(";",I20,FIND(";",I20,1)+1)+1, LEN(I20)-FIND(";",I20,FIND(";",I20,1)+1)-1)) -> 0.0548 | ... M62: =_xlfn.NUMBERVALUE(MID(M20,FIND(";",M20,FIND(";",M20,1)+1)+1, LEN(M20)-FIND(";",M20,FIND(";",M20,1)+1)-1)) -> 0.1414
A63: DRI7 | B63: =_xlfn.NUMBERVALUE(MID(B21,FIND(";",B21,FIND(";",B21,1)+1)+1, LEN(B21)-FIND(";",B21,FIND(";",B21,1)+1)-1)) -> 0.1414 | C63: =_xlfn.NUMBERVALUE(MID(C21,FIND(";",C21,FIND(";",C21,1)+1)+1, LEN(C21)-FIND(";",C21,FIND(";",C21,1)+1)-1)) -> 0.0548 | D63: =_xlfn.NUMBERVALUE(MID(D21,FIND(";",D21,FIND(";",D21,1)+1)+1, LEN(D21)-FIND(";",D21,FIND(";",D21,1)+1)-1)) -> 0.1095 | E63: =_xlfn.NUMBERVALUE(MID(E21,FIND(";",E21,FIND(";",E21,1)+1)+1, LEN(E21)-FIND(";",E21,FIND(";",E21,1)+1)-1)) -> 0.0707 | F63: =_xlfn.NUMBERVALUE(MID(F21,FIND(";",F21,FIND(";",F21,1)+1)+1, LEN(F21)-FIND(";",F21,FIND(";",F21,1)+1)-1)) -> 0.0707 | G63: =_xlfn.NUMBERVALUE(MID(G21,FIND(";",G21,FIND(";",G21,1)+1)+1, LEN(G21)-FIND(";",G21,FIND(";",G21,1)+1)-1)) -> 0 | H63: =_xlfn.NUMBERVALUE(MID(H21,FIND(";",H21,FIND(";",H21,1)+1)+1, LEN(H21)-FIND(";",H21,FIND(";",H21,1)+1)-1)) -> 0.1414 | I63: =_xlfn.NUMBERVALUE(MID(I21,FIND(";",I21,FIND(";",I21,1)+1)+1, LEN(I21)-FIND(";",I21,FIND(";",I21,1)+1)-1)) -> 0.0707 | ... M63: =_xlfn.NUMBERVALUE(MID(M21,FIND(";",M21,FIND(";",M21,1)+1)+1, LEN(M21)-FIND(";",M21,FIND(";",M21,1)+1)-1)) -> 0.0632
A64: DRI9 | B64: =_xlfn.NUMBERVALUE(MID(B22,FIND(";",B22,FIND(";",B22,1)+1)+1, LEN(B22)-FIND(";",B22,FIND(";",B22,1)+1)-1)) -> 0.0707 | C64: =_xlfn.NUMBERVALUE(MID(C22,FIND(";",C22,FIND(";",C22,1)+1)+1, LEN(C22)-FIND(";",C22,FIND(";",C22,1)+1)-1)) -> 0.0548 | D64: =_xlfn.NUMBERVALUE(MID(D22,FIND(";",D22,FIND(";",D22,1)+1)+1, LEN(D22)-FIND(";",D22,FIND(";",D22,1)+1)-1)) -> 0.1095 | E64: =_xlfn.NUMBERVALUE(MID(E22,FIND(";",E22,FIND(";",E22,1)+1)+1, LEN(E22)-FIND(";",E22,FIND(";",E22,1)+1)-1)) -> 0.0316 | F64: =_xlfn.NUMBERVALUE(MID(F22,FIND(";",F22,FIND(";",F22,1)+1)+1, LEN(F22)-FIND(";",F22,FIND(";",F22,1)+1)-1)) -> 0.2121 | G64: =_xlfn.NUMBERVALUE(MID(G22,FIND(";",G22,FIND(";",G22,1)+1)+1, LEN(G22)-FIND(";",G22,FIND(";",G22,1)+1)-1)) -> 0.2121 | H64: =_xlfn.NUMBERVALUE(MID(H22,FIND(";",H22,FIND(";",H22,1)+1)+1, LEN(H22)-FIND(";",H22,FIND(";",H22,1)+1)-1)) -> 0 | I64: =_xlfn.NUMBERVALUE(MID(I22,FIND(";",I22,FIND(";",I22,1)+1)+1, LEN(I22)-FIND(";",I22,FIND(";",I22,1)+1)-1)) -> 0.1414 | ... M64: =_xlfn.NUMBERVALUE(MID(M22,FIND(";",M22,FIND(";",M22,1)+1)+1, LEN(M22)-FIND(";",M22,FIND(";",M22,1)+1)-1)) -> 0.2121
A65: DRI10 | B65: =_xlfn.NUMBERVALUE(MID(B23,FIND(";",B23,FIND(";",B23,1)+1)+1, LEN(B23)-FIND(";",B23,FIND(";",B23,1)+1)-1)) -> 0.1673 | C65: =_xlfn.NUMBERVALUE(MID(C23,FIND(";",C23,FIND(";",C23,1)+1)+1, LEN(C23)-FIND(";",C23,FIND(";",C23,1)+1)-1)) -> 0.0707 | D65: =_xlfn.NUMBERVALUE(MID(D23,FIND(";",D23,FIND(";",D23,1)+1)+1, LEN(D23)-FIND(";",D23,FIND(";",D23,1)+1)-1)) -> 0.1414 | E65: =_xlfn.NUMBERVALUE(MID(E23,FIND(";",E23,FIND(";",E23,1)+1)+1, LEN(E23)-FIND(";",E23,FIND(";",E23,1)+1)-1)) -> 0.0707 | F65: =_xlfn.NUMBERVALUE(MID(F23,FIND(";",F23,FIND(";",F23,1)+1)+1, LEN(F23)-FIND(";",F23,FIND(";",F23,1)+1)-1)) -> 0.1095 | G65: =_xlfn.NUMBERVALUE(MID(G23,FIND(";",G23,FIND(";",G23,1)+1)+1, LEN(G23)-FIND(";",G23,FIND(";",G23,1)+1)-1)) -> 0.1095 | H65: =_xlfn.NUMBERVALUE(MID(H23,FIND(";",H23,FIND(";",H23,1)+1)+1, LEN(H23)-FIND(";",H23,FIND(";",H23,1)+1)-1)) -> 0.1414 | I65: =_xlfn.NUMBERVALUE(MID(I23,FIND(";",I23,FIND(";",I23,1)+1)+1, LEN(I23)-FIND(";",I23,FIND(";",I23,1)+1)-1)) -> 0 | ... M65: =_xlfn.NUMBERVALUE(MID(M23,FIND(";",M23,FIND(";",M23,1)+1)+1, LEN(M23)-FIND(";",M23,FIND(";",M23,1)+1)-1)) -> 0.3795
A66: DRI11 | B66: =_xlfn.NUMBERVALUE(MID(B24,FIND(";",B24,FIND(";",B24,1)+1)+1, LEN(B24)-FIND(";",B24,FIND(";",B24,1)+1)-1)) -> 0.3347 | C66: =_xlfn.NUMBERVALUE(MID(C24,FIND(";",C24,FIND(";",C24,1)+1)+1, LEN(C24)-FIND(";",C24,FIND(";",C24,1)+1)-1)) -> 0.1095 | D66: =_xlfn.NUMBERVALUE(MID(D24,FIND(";",D24,FIND(";",D24,1)+1)+1, LEN(D24)-FIND(";",D24,FIND(";",D24,1)+1)-1)) -> 0.1095 | E66: =_xlfn.NUMBERVALUE(MID(E24,FIND(";",E24,FIND(";",E24,1)+1)+1, LEN(E24)-FIND(";",E24,FIND(";",E24,1)+1)-1)) -> 0.1414 | F66: =_xlfn.NUMBERVALUE(MID(F24,FIND(";",F24,FIND(";",F24,1)+1)+1, LEN(F24)-FIND(";",F24,FIND(";",F24,1)+1)-1)) -> 0.0548 | G66: =_xlfn.NUMBERVALUE(MID(G24,FIND(";",G24,FIND(";",G24,1)+1)+1, LEN(G24)-FIND(";",G24,FIND(";",G24,1)+1)-1)) -> 0.0707 | H66: =_xlfn.NUMBERVALUE(MID(H24,FIND(";",H24,FIND(";",H24,1)+1)+1, LEN(H24)-FIND(";",H24,FIND(";",H24,1)+1)-1)) -> 0.3347 | I66: =_xlfn.NUMBERVALUE(MID(I24,FIND(";",I24,FIND(";",I24,1)+1)+1, LEN(I24)-FIND(";",I24,FIND(";",I24,1)+1)-1)) -> 0.0707 | ... M66: =_xlfn.NUMBERVALUE(MID(M24,FIND(";",M24,FIND(";",M24,1)+1)+1, LEN(M24)-FIND(";",M24,FIND(";",M24,1)+1)-1)) -> 0.3795
A67: DRI13 | B67: =_xlfn.NUMBERVALUE(MID(B25,FIND(";",B25,FIND(";",B25,1)+1)+1, LEN(B25)-FIND(";",B25,FIND(";",B25,1)+1)-1)) -> 0.1414 | C67: =_xlfn.NUMBERVALUE(MID(C25,FIND(";",C25,FIND(";",C25,1)+1)+1, LEN(C25)-FIND(";",C25,FIND(";",C25,1)+1)-1)) -> 0.1673 | D67: =_xlfn.NUMBERVALUE(MID(D25,FIND(";",D25,FIND(";",D25,1)+1)+1, LEN(D25)-FIND(";",D25,FIND(";",D25,1)+1)-1)) -> 0.1095 | E67: =_xlfn.NUMBERVALUE(MID(E25,FIND(";",E25,FIND(";",E25,1)+1)+1, LEN(E25)-FIND(";",E25,FIND(";",E25,1)+1)-1)) -> 0.1414 | F67: =_xlfn.NUMBERVALUE(MID(F25,FIND(";",F25,FIND(";",F25,1)+1)+1, LEN(F25)-FIND(";",F25,FIND(";",F25,1)+1)-1)) -> 0.2121 | G67: =_xlfn.NUMBERVALUE(MID(G25,FIND(";",G25,FIND(";",G25,1)+1)+1, LEN(G25)-FIND(";",G25,FIND(";",G25,1)+1)-1)) -> 0.1095 | H67: =_xlfn.NUMBERVALUE(MID(H25,FIND(";",H25,FIND(";",H25,1)+1)+1, LEN(H25)-FIND(";",H25,FIND(";",H25,1)+1)-1)) -> 0.0548 | I67: =_xlfn.NUMBERVALUE(MID(I25,FIND(";",I25,FIND(";",I25,1)+1)+1, LEN(I25)-FIND(";",I25,FIND(";",I25,1)+1)-1)) -> 0.1095 | ... M67: =_xlfn.NUMBERVALUE(MID(M25,FIND(";",M25,FIND(";",M25,1)+1)+1, LEN(M25)-FIND(";",M25,FIND(";",M25,1)+1)-1)) -> 0.1095
A68: DRI14 | B68: =_xlfn.NUMBERVALUE(MID(B26,FIND(";",B26,FIND(";",B26,1)+1)+1, LEN(B26)-FIND(";",B26,FIND(";",B26,1)+1)-1)) -> 0.0707 | C68: =_xlfn.NUMBERVALUE(MID(C26,FIND(";",C26,FIND(";",C26,1)+1)+1, LEN(C26)-FIND(";",C26,FIND(";",C26,1)+1)-1)) -> 0.1414 | D68: =_xlfn.NUMBERVALUE(MID(D26,FIND(";",D26,FIND(";",D26,1)+1)+1, LEN(D26)-FIND(";",D26,FIND(";",D26,1)+1)-1)) -> 0.0316 | E68: =_xlfn.NUMBERVALUE(MID(E26,FIND(";",E26,FIND(";",E26,1)+1)+1, LEN(E26)-FIND(";",E26,FIND(";",E26,1)+1)-1)) -> 0.0707 | F68: =_xlfn.NUMBERVALUE(MID(F26,FIND(";",F26,FIND(";",F26,1)+1)+1, LEN(F26)-FIND(";",F26,FIND(";",F26,1)+1)-1)) -> 0.0707 | G68: =_xlfn.NUMBERVALUE(MID(G26,FIND(";",G26,FIND(";",G26,1)+1)+1, LEN(G26)-FIND(";",G26,FIND(";",G26,1)+1)-1)) -> 0.0837 | H68: =_xlfn.NUMBERVALUE(MID(H26,FIND(";",H26,FIND(";",H26,1)+1)+1, LEN(H26)-FIND(";",H26,FIND(";",H26,1)+1)-1)) -> 0.1095 | I68: =_xlfn.NUMBERVALUE(MID(I26,FIND(";",I26,FIND(";",I26,1)+1)+1, LEN(I26)-FIND(";",I26,FIND(";",I26,1)+1)-1)) -> 0.0707 | ... M68: =_xlfn.NUMBERVALUE(MID(M26,FIND(";",M26,FIND(";",M26,1)+1)+1, LEN(M26)-FIND(";",M26,FIND(";",M26,1)+1)-1)) -> 0.3795
A69: DRI15 | B69: =_xlfn.NUMBERVALUE(MID(B27,FIND(";",B27,FIND(";",B27,1)+1)+1, LEN(B27)-FIND(";",B27,FIND(";",B27,1)+1)-1)) -> 0.0548 | C69: =_xlfn.NUMBERVALUE(MID(C27,FIND(";",C27,FIND(";",C27,1)+1)+1, LEN(C27)-FIND(";",C27,FIND(";",C27,1)+1)-1)) -> 0.1673 | D69: =_xlfn.NUMBERVALUE(MID(D27,FIND(";",D27,FIND(";",D27,1)+1)+1, LEN(D27)-FIND(";",D27,FIND(";",D27,1)+1)-1)) -> 0.0707 | E69: =_xlfn.NUMBERVALUE(MID(E27,FIND(";",E27,FIND(";",E27,1)+1)+1, LEN(E27)-FIND(";",E27,FIND(";",E27,1)+1)-1)) -> 0.2121 | F69: =_xlfn.NUMBERVALUE(MID(F27,FIND(";",F27,FIND(";",F27,1)+1)+1, LEN(F27)-FIND(";",F27,FIND(";",F27,1)+1)-1)) -> 0.0548 | G69: =_xlfn.NUMBERVALUE(MID(G27,FIND(";",G27,FIND(";",G27,1)+1)+1, LEN(G27)-FIND(";",G27,FIND(";",G27,1)+1)-1)) -> 0.0707 | H69: =_xlfn.NUMBERVALUE(MID(H27,FIND(";",H27,FIND(";",H27,1)+1)+1, LEN(H27)-FIND(";",H27,FIND(";",H27,1)+1)-1)) -> 0.0316 | I69: =_xlfn.NUMBERVALUE(MID(I27,FIND(";",I27,FIND(";",I27,1)+1)+1, LEN(I27)-FIND(";",I27,FIND(";",I27,1)+1)-1)) -> 0.1095 | ... M69: =_xlfn.NUMBERVALUE(MID(M27,FIND(";",M27,FIND(";",M27,1)+1)+1, LEN(M27)-FIND(";",M27,FIND(";",M27,1)+1)-1)) -> 0

Sheet Ans 2
B1: DRI1 | C1: DRI3 | D1: DRI4 | E1: DRI5 | F1: DRI6 | G1: DRI7 | H1: DRI9 | I1: DRI10 | J1: DRI11 | K1: DRI13 | L1: DRI14 | M1: DRI15
A2: DRI1 | B2: 0 | C2: VI;VH | D2: VI;VH | E2: NI;M | F2: VI;H | G2: NI;M | H2: FI;M | I2: WI;M | J2: VI;VH | K2: NI;M | L2: WI;L | M2: NI;M
A3: DRI3 | B3: FI;M | C3: 0 | D3: AI;VH | E3: AI;H | F3: WI;M | G3: AI;VH | H3: AI;VH | I3: NI;M | J3: AI;H | K3: AI;VH | L3: VI;VH | M3: AI;VH
A4: DRI4 | B4: VI;H | C4: NI;M | D4: 0 | E4: VI;M | F4: WI;L | G4: WI;L | H4: VI;H | I4: WI;M | J4: AI;H | K4: AI;VH | L4: VI;H | M4: AI;VH
A5: DRI5 | B5: NI;M | C5: FI;H | D5: NI;M | E5: 0 | F5: VI;H | G5: NI;L | H5: VI;VH | I5: NI;M | J5: AI;H | K5: NI;L | L5: VI;H | M5: WI;L
A6: DRI6 | B6: WI;VL | C6: WI;M | D6: NI;M | E6: NI;VL | F6: 0 | G6: VI;VH | H6: NI;H | I6: WI;M | J6: VI;VH | K6: VI;VH | L6: WI;VL | M6: NI;M
A7: DRI7 | B7: WI;M | C7: FI;M | D7: WI;L | E7: NI;L | F7: NI;M | G7: 0 | H7: NI;M | I7: FI;H | J7: VI;H | K7: WI;M | L7: NI;L | M7: WI;L
A8: DRI9 | B8: NI;L | C8: WI;M | D8: WI;L | E8: WI;H | F8: NI;M | G8: NI;M | H8: 0 | I8: FI;M | J8: WI;L | K8: NI;M | L8: NI;M | M8: NI;M
A9: DRI10 | B9: NI;M | C9: NI;M | D9: NI;M | E9: NI;H | F9: WI;M | G9: FI;M | H9: NI;H | I9: 0 | J9: NI;M | K9: AI;VH | L9: VI;H | M9: VI;VH
A10: DRI11 | B10: FI;H | C10: WI;L | D10: WI;M | E10: NI;M | F10: NI;L | G10: WI;M | H10: VI;VH | I10: NI;M | J10: 0 | K10: AI;H | L10: AI;H | M10: VI;VH
A11: DRI13 | B11: WI;L | C11: NI;M | D11: NI;L | E11: NI;L | F11: NI;L | G11: NI;L | H11: NI;H | I11: WI;M | J11: NI;L | K11: 0 | L11: NI;L | M11: NI;M
A12: DRI14 | B12: NI;L | C12: WI;L | D12: NI;M | E12: NI;M | F12: WI;M | G12: NI;M | H12: NI;VL | I12: FI;M | J12: NI;M | K12: WI;VL | L12: 0 | M12: VI;VH
A13: DRI15 | B13: WI;M | C13: NI;M | D13: NI;L | E13: NI;M | F13: WI;M | G13: FI;H | H13: NI;L | I13: NI;H | J13: FI;M | K13: NI;L | L13: NI;M | M13: 0
B15: DRI1 | C15: DRI3 | D15: DRI4 | E15: DRI5 | F15: DRI6 | G15: DRI7 | H15: DRI9 | I15: DRI10 | J15: DRI11 | K15: DRI13 | L15: DRI14 | M15: DRI15
A16: DRI1 | B16: =VLOOKUP(B2,'Thang đánh giá'!$C$2:$D$27,2,FALSE) -> (0; 0; 0) | C16: =VLOOKUP(C2,'Thang đánh giá'!$C$2:$D$27,2,FALSE) -> (0,1897; 0,2846; 0,3795) | D16: =VLOOKUP(D2,'Thang đánh giá'!$C$2:$D$27,2,FALSE) -> (0,1897; 0,2846; 0,3795) | E16: =VLOOKUP(E2,'Thang đánh giá'!$C$2:$D$27,2,FALSE) -> (0; 0; 0,0707) | F16: =VLOOKUP(F2,'Thang đánh giá'!$C$2:$D$27,2,FALSE) -> (0,1673; 0,251; 0,3347) | G16: =VLOOKUP(G2,'Thang đánh giá'!$C$2:$D$27,2,FALSE) -> (0; 0; 0,0707) | H16: =VLOOKUP(H2,'Thang đánh giá'!$C$2:$D$27,2,FALSE) -> (0,0707; 0,1414; 0,2121) | I16: =VLOOKUP(I2,'Thang đánh giá'!$C$2:$D$27,2,FALSE) -> (0; 0,0707; 0,1414) | ... M16: =VLOOKUP(M2,'Thang đánh giá'!$C$2:$D$27,2,FALSE) -> (0; 0; 0,0707)
A17: DRI3 | B17: =VLOOKUP(B3,'Thang đánh giá'!$C$2:$D$27,2,FALSE) -> (0,0707; 0,1414; 0,2121) | C17: =VLOOKUP(C3,'Thang đánh giá'!$C$2:$D$27,2,FALSE) -> (0; 0; 0) | D17: =VLOOKUP(D3,'Thang đánh giá'!$C$2:$D$27,2,FALSE) -> (0,2846; 0,3795; 0,3795) | E17: =VLOOKUP(E3,'Thang đánh giá'!$C$2:$D$27,2,FALSE) -> (0,251; 0,3347; 0,3347) | F17: =VLOOKUP(F3,'Thang đánh giá'!$C$2:$D$27,2,FALSE) -> (0; 0,0707; 0,1414) | G17: =VLOOKUP(G3,'Thang đánh giá'!$C$2:$D$27,2,FALSE) -> (0,2846; 0,3795; 0,3795) | H17: =VLOOKUP(H3,'Thang đánh giá'!$C$2:$D$27,2,FALSE) -> (0,2846; 0,3795; 0,3795) | I17: =VLOOKUP(I3,'Thang đánh giá'!$C$2:$D$27,2,FALSE) -> (0; 0; 0,0707) | ... M17: =VLOOKUP(M3,'Thang đánh giá'!$C$2:$D$27,2,FALSE) -> (0,2846; 0,3795; 0,3795)
A18: DRI4 | B18: =VLOOKUP(B4,'Thang đánh giá'!$C$2:$D$27,2,FALSE) -> (0,1673; 0,251; 0,3347) | C18: =VLOOKUP(C4,'Thang đánh giá'!$C$2:$D$27,2,FALSE) -> (0; 0; 0,0707) | D18: =VLOOKUP(D4,'Thang đánh giá'!$C$2:$D$27,2,FALSE) -> (0; 0; 0) | E18: =VLOOKUP(E4,'Thang đánh giá'!$C$2:$D$27,2,FALSE) -> (0,1414; 0,2121; 0,2828) | F18: =VLOOKUP(F4,'Thang đánh giá'!$C$2:$D$27,2,FALSE) -> (0; 0,0548; 0,1095) | G18: =VLOOKUP(G4,'Thang đánh giá'!$C$2:$D$27,2,FALSE) -> (0; 0,0548; 0,1095) | H18: =VLOOKUP(H4,'Thang đánh giá'!$C$2:$D$27,2,FALSE) -> (0,1673; 0,251; 0,3347) | I18: =VLOOKUP(I4,'Thang đánh giá'!$C$2:$D$27,2,FALSE) -> (0; 0,0707; 0,1414) | ... M18: =VLOOKUP(M4,'Thang đánh giá'!$C$2:$D$27,2,FALSE) -> (0,2846; 0,3795; 0,3795)
A19: DRI5 | B19: =VLOOKUP(B5,'Thang đánh giá'!$C$2:$D$27,2,FALSE) -> (0; 0; 0,0707) | C19: =VLOOKUP(C5,'Thang đánh giá'!$C$2:$D$27,2,FALSE) -> (0,0837; 0,1673; 0,251) | D19: =VLOOKUP(D5,'Thang đánh giá'!$C$2:$D$27,2,FALSE) -> (0; 0; 0,0707) | E19: =VLOOKUP(E5,'Thang đánh giá'!$C$2:$D$27,2,FALSE) -> (0; 0; 0) | F19: =VLOOKUP(F5,'Thang đánh giá'!$C$2:$D$27,2,FALSE) -> (0,1673; 0,251; 0,3347) | G19: =VLOOKUP(G5,'Thang đánh giá'!$C$2:$D$27,2,FALSE) -> (0; 0; 0,0548) | H19: =VLOOKUP(H5,'Thang đánh giá'!$C$2:$D$27,2,FALSE) -> (0,1897; 0,2846; 0,3795) | I19: =VLOOKUP(I5,'Thang đánh giá'!$C$2:$D$27,2,FALSE) -> (0; 0; 0,0707) | ... M19: =VLOOKUP(M5,'Thang đánh giá'!$C$2:$D$27,2,FALSE) -> (0; 0,0548; 0,1095)
A20: DRI6 | B20: =VLOOKUP(B6,'Thang đánh giá'!$C$2:$D$27,2,FALSE) -> (0; 0,0316; 0,0632) | C20: =VLOOKUP(C6,'Thang đánh giá'!$C$2:$D$27,2,FALSE) -> (0; 0,0707; 0,1414) | D20: =VLOOKUP(D6,'Thang đánh giá'!$C$2:$D$27,2,FALSE) -> (0; 0; 0,0707) | E20: =VLOOKUP(E6,'Thang đánh giá'!$C$2:$D$27,2,FALSE) -> (0; 0; 0,0316) | F20: =VLOOKUP(F6,'Thang đánh giá'!$C$2:$D$27,2,FALSE) -> (0; 0; 0) | G20: =VLOOKUP(G6,'Thang đánh giá'!$C$2:$D$27,2,FALSE) -> (0,1897; 0,2846; 0,3795) | H20: =VLOOKUP(H6,'Thang đánh giá'!$C$2:$D$27,2,FALSE) -> (0; 0; 0,0837) | I20: =VLOOKUP(I6,'Thang đánh giá'!$C$2:$D$27,2,FALSE) -> (0; 0,0707; 0,1414) | ... M20: =VLOOKUP(M6,'Thang đánh giá'!$C$2:$D$27,2,FALSE) -> (0; 0; 0,0707)
A21: DRI7 | B21: =VLOOKUP(B7,'Thang đánh giá'!$C$2:$D$27,2,FALSE) -> (0; 0,0707; 0,1414) | C21: =VLOOKUP(C7,'Thang đánh giá'!$C$2:$D$27,2,FALSE) -> (0,0707; 0,1414; 0,2121) | D21: =VLOOKUP(D7,'Thang đánh giá'!$C$2:$D$27,2,FALSE) -> (0; 0,0548; 0,1095) | E21: =VLOOKUP(E7,'Thang đánh giá'!$C$2:$D$27,2,FALSE) -> (0; 0; 0,0548) | F21: =VLOOKUP(F7,'Thang đánh giá'!$C$2:$D$27,2,FALSE) -> (0; 0; 0,0707) | G21: =VLOOKUP(G7,'Thang đánh giá'!$C$2:$D$27,2,FALSE) -> (0; 0; 0) | H21: =VLOOKUP(H7,'Thang đánh giá'!$C$2:$D$27,2,FALSE) -> (0; 0; 0,0707) | I21: =VLOOKUP(I7,'Thang đánh giá'!$C$2:$D$27,2,FALSE) -> (0,0837; 0,1673; 0,251) | ... M21: =VLOOKUP(M7,'Thang đánh giá'!$C$2:$D$27,2,FALSE) -> (0; 0,0548; 0,1095)
A22: DRI9 | B22: =VLOOKUP(B8,'Thang đánh giá'!$C$2:$D$27,2,FALSE) -> (0; 0; 0,0548) | C22: =VLOOKUP(C8,'Thang đánh giá'!$C$2:$D$27,2,FALSE) -> (0; 0,0707; 0,1414) | D22: =VLOOKUP(D8,'Thang đánh giá'!$C$2:$D$27,2,FALSE) -> (0; 0,0548; 0,1095) | E22: =VLOOKUP(E8,'Thang đánh giá'!$C$2:$D$27,2,FALSE) -> (0; 0,0837; 0,1673) | F22: =VLOOKUP(F8,'Thang đánh giá'!$C$2:$D$27,2,FALSE) -> (0; 0; 0,0707) | G22: =VLOOKUP(G8,'Thang đánh giá'!$C$2:$D$27,2,FALSE) -> (0; 0; 0,0707) | H22: =VLOOKUP(H8,'Thang đánh giá'!$C$2:$D$27,2,FALSE) -> (0; 0; 0) | I22: =VLOOKUP(I8,'Thang đánh giá'!$C$2:$D$27,2,FALSE) -> (0,0707; 0,1414; 0,2121) | ... M22: =VLOOKUP(M8,'Thang đánh giá'!$C$2:$D$27,2,FALSE) -> (0; 0; 0,0707)
A23: DRI10 | B23: =VLOOKUP(B9,'Thang đánh giá'!$C$2:$D$27,2,FALSE) -> (0; 0; 0,0707) | C23: =VLOOKUP(C9,'Thang đánh giá'!$C$2:$D$27,2,FALSE) -> (0; 0; 0,0707) | D23: =VLOOKUP(D9,'Thang đánh giá'!$C$2:$D$27,2,FALSE) -> (0; 0; 0,0707) | E23: =VLOOKUP(E9,'Thang đánh giá'!$C$2:$D$27,2,FALSE) -> (0; 0; 0,0837) | F23: =VLOOKUP(F9,'Thang đánh giá'!$C$2:$D$27,2,FALSE) -> (0; 0,0707; 0,1414) | G23: =VLOOKUP(G9,'Thang đánh giá'!$C$2:$D$27,2,FALSE) -> (0,0707; 0,1414; 0,2121) | H23: =VLOOKUP(H9,'Thang đánh giá'!$C$2:$D$27,2,FALSE) -> (0; 0; 0,0837) | I23: =VLOOKUP(I9,'Thang đánh giá'!$C$2:$D$27,2,FALSE) -> (0; 0; 0) | ... M23: =VLOOKUP(M9,'Thang đánh giá'!$C$2:$D$27,2,FALSE) -> (0,1897; 0,2846; 0,3795)
A24: DRI11 | B24: =VLOOKUP(B10,'Thang đánh giá'!$C$2:$D$27,2,FALSE) -> (0,0837; 0,1673; 0,251) | C24: =VLOOKUP(C10,'Thang đánh giá'!$C$2:$D$27,2,FALSE) -> (0; 0,0548; 0,1095) | D24: =VLOOKUP(D10,'Thang đánh giá'!$C$2:$D$27,2,FALSE) -> (0; 0,0707; 0,1414) | E24: =VLOOKUP(E10,'Thang đánh giá'!$C$2:$D$27,2,FALSE) -> (0; 0; 0,0707) | F24: =VLOOKUP(F10,'Thang đánh giá'!$C$2:$D$27,2,FALSE) -> (0; 0; 0,0548) | G24: =VLOOKUP(G10,'Thang đánh giá'!$C$2:$D$27,2,FALSE) -> (0; 0,0707; 0,1414) | H24: =VLOOKUP(H10,'Thang đánh giá'!$C$2:$D$27,2,FALSE) -> (0,1897; 0,2846; 0,3795) | I24: =VLOOKUP(I10,'Thang đánh giá'!$C$2:$D$27,2,FALSE) -> (0; 0; 0,0707) | ... M24: =VLOOKUP(M10,'Thang đánh giá'!$C$2:$D$27,2,FALSE) -> (0,1897; 0,2846; 0,3795)
A25: DRI13 | B25: =VLOOKUP(B11,'Thang đánh giá'!$C$2:$D$27,2,FALSE) -> (0; 0,0548; 0,1095) | C25: =VLOOKUP(C11,'Thang đánh giá'!$C$2:$D$27,2,FALSE) -> (0; 0; 0,0707) | D25: =VLOOKUP(D11,'Thang đánh giá'!$C$2:$D$27,2,FALSE) -> (0; 0; 0,0548) | E25: =VLOOKUP(E11,'Thang đánh giá'!$C$2:$D$27,2,FALSE) -> (0; 0; 0,0548) | F25: =VLOOKUP(F11,'Thang đánh giá'!$C$2:$D$27,2,FALSE) -> (0; 0; 0,0548) | G25: =VLOOKUP(G11,'Thang đánh giá'!$C$2:$D$27,2,FALSE) -> (0; 0; 0,0548) | H25: =VLOOKUP(H11,'Thang đánh giá'!$C$2:$D$27,2,FALSE) -> (0; 0; 0,0837) | I25: =VLOOKUP(I11,'Thang đánh giá'!$C$2:$D$27,2,FALSE) -> (0; 0,0707; 0,1414) | ... M25: =VLOOKUP(M11,'Thang đánh giá'!$C$2:$D$27,2,FALSE) -> (0; 0; 0,0707)
A26: DRI14 | B26: =VLOOKUP(B12,'Thang đánh giá'!$C$2:$D$27,2,FALSE) -> (0; 0; 0,0548) | C26: =VLOOKUP(C12,'Thang đánh giá'!$C$2:$D$27,2,FALSE) -> (0; 0,0548; 0,1095) | D26: =VLOOKUP(D12,'Thang đánh giá'!$C$2:$D$27,2,FALSE) -> (0; 0; 0,0707) | E26: =VLOOKUP(E12,'Thang đánh giá'!$C$2:$D$27,2,FALSE) -> (0; 0; 0,0707) | F26: =VLOOKUP(F12,'Thang đánh giá'!$C$2:$D$27,2,FALSE) -> (0; 0,0707; 0,1414) | G26: =VLOOKUP(G12,'Thang đánh giá'!$C$2:$D$27,2,FALSE) -> (0; 0; 0,0707) | H26: =VLOOKUP(H12,'Thang đánh giá'!$C$2:$D$27,2,FALSE) -> (0; 0; 0,0316) | I26: =VLOOKUP(I12,'Thang đánh giá'!$C$2:$D$27,2,FALSE) -> (0,0707; 0,1414; 0,2121) | ... M26: =VLOOKUP(M12,'Thang đánh giá'!$C$2:$D$27,2,FALSE) -> (0,1897; 0,2846; 0,3795)
A27: DRI15 | B27: =VLOOKUP(B13,'Thang đánh giá'!$C$2:$D$27,2,FALSE) -> (0; 0,0707; 0,1414) | C27: =VLOOKUP(C13,'Thang đánh giá'!$C$2:$D$27,2,FALSE) -> (0; 0; 0,0707) | D27: =VLOOKUP(D13,'Thang đánh giá'!$C$2:$D$27,2,FALSE) -> (0; 0; 0,0548) | E27: =VLOOKUP(E13,'Thang đánh giá'!$C$2:$D$27,2,FALSE) -> (0; 0; 0,0707) | F27: =VLOOKUP(F13,'Thang đánh giá'!$C$2:$D$27,2,FALSE) -> (0; 0,0707; 0,1414) | G27: =VLOOKUP(G13,'Thang đánh giá'!$C$2:$D$27,2,FALSE) -> (0,0837; 0,1673; 0,251) | H27: =VLOOKUP(H13,'Thang đánh giá'!$C$2:$D$27,2,FALSE) -> (0; 0; 0,0548) | I27: =VLOOKUP(I13,'Thang đánh giá'!$C$2:$D$27,2,FALSE) -> (0; 0; 0,0837) | ... M27: =VLOOKUP(M13,'Thang đánh giá'!$C$2:$D$27,2,FALSE) -> (0; 0; 0)
A29: L | B29: DRI1 | C29: DRI3 | D29: DRI4 | E29: DRI5 | F29: DRI6 | G29: DRI7 | H29: DRI9 | I29: DRI10 | J29: DRI11 | K29: DRI13 | L29: DRI14 | M29: DRI15
A30: DRI1 | B30: =_xlfn.NUMBERVALUE(MID(B16,2,FIND(";",B16,1)-2)) -> 0 | C30: =_xlfn.NUMBERVALUE(MID(C16,2,FIND(";",C16,1)-2)) -> 0.1897 | D30: =_xlfn.NUMBERVALUE(MID(D16,2,FIND(";",D16,1)-2)) -> 0.1897 | E30: =_xlfn.NUMBERVALUE(MID(E16,2,FIND(";",E16,1)-2)) -> 0 | F30: =_xlfn.NUMBERVALUE(MID(F16,2,FIND(";",F16,1)-2)) -> 0.1673 | G30: =_xlfn.NUMBERVALUE(MID(G16,2,FIND(";",G16,1)-2)) -> 0 | H30: =_xlfn.NUMBERVALUE(MID(H16,2,FIND(";",H16,1)-2)) -> 0.0707 | I30: =_xlfn.NUMBERVALUE(MID(I16,2,FIND(";",I16,1)-2)) -> 0 | ... M30: =_xlfn.NUMBERVALUE(MID(M16,2,FIND(";",M16,1)-2)) -> 0
A31: DRI3 | B31: =_xlfn.NUMBERVALUE(MID(B17,2,FIND(";",B17,1)-2)) -> 0.0707 | C31: =_xlfn.NUMBERVALUE(MID(C17,2,FIND(";",C17,1)-2)) -> 0 | D31: =_xlfn.NUMBERVALUE(MID(D17,2,FIND(";",D17,1)-2)) -> 0.2846 | E31: =_xlfn.NUMBERVALUE(MID(E17,2,FIND(";",E17,1)-2)) -> 0.251 | F31: =_xlfn.NUMBERVALUE(MID(F17,2,FIND(";",F17,1)-2)) -> 0 | G31: =_xlfn.NUMBERVALUE(MID(G17,2,FIND(";",G17,1)-2)) -> 0.2846 | H31: =_xlfn.NUMBERVALUE(MID(H17,2,FIND(";",H17,1)-2)) -> 0.2846 | I31: =_xlfn.NUMBERVALUE(MID(I17,2,FIND(";",I17,1)-2)) -> 0 | ... M31: =_xlfn.NUMBERVALUE(MID(M17,2,FIND(";",M17,1)-2)) -> 0.2846
A32: DRI4 | B32: =_xlfn.NUMBERVALUE(MID(B18,2,FIND(";",B18,1)-2)) -> 0.1673 | C32: =_xlfn.NUMBERVALUE(MID(C18,2,FIND(";",C18,1)-2)) -> 0 | D32: =_xlfn.NUMBERVALUE(MID(D18,2,FIND(";",D18,1)-2)) -> 0 | E32: =_xlfn.NUMBERVALUE(MID(E18,2,FIND(";",E18,1)-2)) -> 0.1414 | F32: =_xlfn.NUMBERVALUE(MID(F18,2,FIND(";",F18,1)-2)) -> 0 | G32: =_xlfn.NUMBERVALUE(MID(G18,2,FIND(";",G18,1)-2)) -> 0 | H32: =_xlfn.NUMBERVALUE(MID(H18,2,FIND(";",H18,1)-2)) -> 0.1673 | I32: =_xlfn.NUMBERVALUE(MID(I18,2,FIND(";",I18,1)-2)) -> 0 | ... M32: =_xlfn.NUMBERVALUE(MID(M18,2,FIND(";",M18,1)-2)) -> 0.2846
A33: DRI5 | B33: =_xlfn.NUMBERVALUE(MID(B19,2,FIND(";",B19,1)-2)) -> 0 | C33: =_xlfn.NUMBERVALUE(MID(C19,2,FIND(";",C19,1)-2)) -> 0.0837 | D33: =_xlfn.NUMBERVALUE(MID(D19,2,FIND(";",D19,1)-2)) -> 0 | E33: =_xlfn.NUMBERVALUE(MID(E19,2,FIND(";",E19,1)-2)) -> 0 | F33: =_xlfn.NUMBERVALUE(MID(F19,2,FIND(";",F19,1)-2)) -> 0.1673 | G33: =_xlfn.NUMBERVALUE(MID(G19,2,FIND(";",G19,1)-2)) -> 0 | H33: =_xlfn.NUMBERVALUE(MID(H19,2,FIND(";",H19,1)-2)) -> 0.1897 | I33: =_xlfn.NUMBERVALUE(MID(I19,2,FIND(";",I19,1)-2)) -> 0 | ... M33: =_xlfn.NUMBERVALUE(MID(M19,2,FIND(";",M19,1)-2)) -> 0
A34: DRI6 | B34: =_xlfn.NUMBERVALUE(MID(B20,2,FIND(";",B20,1)-2)) -> 0 | C34: =_xlfn.NUMBERVALUE(MID(C20,2,FIND(";",C20,1)-2)) -> 0 | D34: =_xlfn.NUMBERVALUE(MID(D20,2,FIND(";",D20,1)-2)) -> 0 | E34: =_xlfn.NUMBERVALUE(MID(E20,2,FIND(";",E20,1)-2)) -> 0 | F34: =_xlfn.NUMBERVALUE(MID(F20,2,FIND(";",F20,1)-2)) -> 0 | G34: =_xlfn.NUMBERVALUE(MID(G20,2,FIND(";",G20,1)-2)) -> 0.1897 | H34: =_xlfn.NUMBERVALUE(MID(H20,2,FIND(";",H20,1)-2)) -> 0 | I34: =_xlfn.NUMBERVALUE(MID(I20,2,FIND(";",I20,1)-2)) -> 0 | ... M34: =_xlfn.NUMBERVALUE(MID(M20,2,FIND(";",M20,1)-2)) -> 0
A35: DRI7 | B35: =_xlfn.NUMBERVALUE(MID(B21,2,FIND(";",B21,1)-2)) -> 0 | C35: =_xlfn.NUMBERVALUE(MID(C21,2,FIND(";",C21,1)-2)) -> 0.0707 | D35: =_xlfn.NUMBERVALUE(MID(D21,2,FIND(";",D21,1)-2)) -> 0 | E35: =_xlfn.NUMBERVALUE(MID(E21,2,FIND(";",E21,1)-2)) -> 0 | F35: =_xlfn.NUMBERVALUE(MID(F21,2,FIND(";",F21,1)-2)) -> 0 | G35: =_xlfn.NUMBERVALUE(MID(G21,2,FIND(";",G21,1)-2)) -> 0 | H35: =_xlfn.NUMBERVALUE(MID(H21,2,FIND(";",H21,1)-2)) -> 0 | I35: =_xlfn.NUMBERVALUE(MID(I21,2,FIND(";",I21,1)-2)) -> 0.0837 | ... M35: =_xlfn.NUMBERVALUE(MID(M21,2,FIND(";",M21,1)-2)) -> 0
A36: DRI9 | B36: =_xlfn.NUMBERVALUE(MID(B22,2,FIND(";",B22,1)-2)) -> 0 | C36: =_xlfn.NUMBERVALUE(MID(C22,2,FIND(";",C22,1)-2)) -> 0 | D36: =_xlfn.NUMBERVALUE(MID(D22,2,FIND(";",D22,1)-2)) -> 0 | E36: =_xlfn.NUMBERVALUE(MID(E22,2,FIND(";",E22,1)-2)) -> 0 | F36: =_xlfn.NUMBERVALUE(MID(F22,2,FIND(";",F22,1)-2)) -> 0 | G36: =_xlfn.NUMBERVALUE(MID(G22,2,FIND(";",G22,1)-2)) -> 0 | H36: =_xlfn.NUMBERVALUE(MID(H22,2,FIND(";",H22,1)-2)) -> 0 | I36: =_xlfn.NUMBERVALUE(MID(I22,2,FIND(";",I22,1)-2)) -> 0.0707 | ... M36: =_xlfn.NUMBERVALUE(MID(M22,2,FIND(";",M22,1)-2)) -> 0
A37: DRI10 | B37: =_xlfn.NUMBERVALUE(MID(B23,2,FIND(";",B23,1)-2)) -> 0 | C37: =_xlfn.NUMBERVALUE(MID(C23,2,FIND(";",C23,1)-2)) -> 0 | D37: =_xlfn.NUMBERVALUE(MID(D23,2,FIND(";",D23,1)-2)) -> 0 | E37: =_xlfn.NUMBERVALUE(MID(E23,2,FIND(";",E23,1)-2)) -> 0 | F37: =_xlfn.NUMBERVALUE(MID(F23,2,FIND(";",F23,1)-2)) -> 0 | G37: =_xlfn.NUMBERVALUE(MID(G23,2,FIND(";",G23,1)-2)) -> 0.0707 | H37: =_xlfn.NUMBERVALUE(MID(H23,2,FIND(";",H23,1)-2)) -> 0 | I37: =_xlfn.NUMBERVALUE(MID(I23,2,FIND(";",I23,1)-2)) -> 0 | ... M37: =_xlfn.NUMBERVALUE(MID(M23,2,FIND(";",M23,1)-2)) -> 0.1897
A38: DRI11 | B38: =_xlfn.NUMBERVALUE(MID(B24,2,FIND(";",B24,1)-2)) -> 0.0837 | C38: =_xlfn.NUMBERVALUE(MID(C24,2,FIND(";",C24,1)-2)) -> 0 | D38: =_xlfn.NUMBERVALUE(MID(D24,2,FIND(";",D24,1)-2)) -> 0 | E38: =_xlfn.NUMBERVALUE(MID(E24,2,FIND(";",E24,1)-2)) -> 0 | F38: =_xlfn.NUMBERVALUE(MID(F24,2,FIND(";",F24,1)-2)) -> 0 | G38: =_xlfn.NUMBERVALUE(MID(G24,2,FIND(";",G24,1)-2)) -> 0 | H38: =_xlfn.NUMBERVALUE(MID(H24,2,FIND(";",H24,1)-2)) -> 0.1897 | I38: =_xlfn.NUMBERVALUE(MID(I24,2,FIND(";",I24,1)-2)) -> 0 | ... M38: =_xlfn.NUMBERVALUE(MID(M24,2,FIND(";",M24,1)-2)) -> 0.1897
A39: DRI13 | B39: =_xlfn.NUMBERVALUE(MID(B25,2,FIND(";",B25,1)-2)) -> 0 | C39: =_xlfn.NUMBERVALUE(MID(C25,2,FIND(";",C25,1)-2)) -> 0 | D39: =_xlfn.NUMBERVALUE(MID(D25,2,FIND(";",D25,1)-2)) -> 0 | E39: =_xlfn.NUMBERVALUE(MID(E25,2,FIND(";",E25,1)-2)) -> 0 | F39: =_xlfn.NUMBERVALUE(MID(F25,2,FIND(";",F25,1)-2)) -> 0 | G39: =_xlfn.NUMBERVALUE(MID(G25,2,FIND(";",G25,1)-2)) -> 0 | H39: =_xlfn.NUMBERVALUE(MID(H25,2,FIND(";",H25,1)-2)) -> 0 | I39: =_xlfn.NUMBERVALUE(MID(I25,2,FIND(";",I25,1)-2)) -> 0 | ... M39: =_xlfn.NUMBERVALUE(MID(M25,2,FIND(";",M25,1)-2)) -> 0
A40: DRI14 | B40: =_xlfn.NUMBERVALUE(MID(B26,2,FIND(";",B26,1)-2)) -> 0 | C40: =_xlfn.NUMBERVALUE(MID(C26,2,FIND(";",C26,1)-2)) -> 0 | D40: =_xlfn.NUMBERVALUE(MID(D26,2,FIND(";",D26,1)-2)) -> 0 | E40: =_xlfn.NUMBERVALUE(MID(E26,2,FIND(";",E26,1)-2)) -> 0 | F40: =_xlfn.NUMBERVALUE(MID(F26,2,FIND(";",F26,1)-2)) -> 0 | G40: =_xlfn.NUMBERVALUE(MID(G26,2,FIND(";",G26,1)-2)) -> 0 | H40: =_xlfn.NUMBERVALUE(MID(H26,2,FIND(";",H26,1)-2)) -> 0 | I40: =_xlfn.NUMBERVALUE(MID(I26,2,FIND(";",I26,1)-2)) -> 0.0707 | ... M40: =_xlfn.NUMBERVALUE(MID(M26,2,FIND(";",M26,1)-2)) -> 0.1897
A41: DRI15 | B41: =_xlfn.NUMBERVALUE(MID(B27,2,FIND(";",B27,1)-2)) -> 0 | C41: =_xlfn.NUMBERVALUE(MID(C27,2,FIND(";",C27,1)-2)) -> 0 | D41: =_xlfn.NUMBERVALUE(MID(D27,2,FIND(";",D27,1)-2)) -> 0 | E41: =_xlfn.NUMBERVALUE(MID(E27,2,FIND(";",E27,1)-2)) -> 0 | F41: =_xlfn.NUMBERVALUE(MID(F27,2,FIND(";",F27,1)-2)) -> 0 | G41: =_xlfn.NUMBERVALUE(MID(G27,2,FIND(";",G27,1)-2)) -> 0.0837 | H41: =_xlfn.NUMBERVALUE(MID(H27,2,FIND(";",H27,1)-2)) -> 0 | I41: =_xlfn.NUMBERVALUE(MID(I27,2,FIND(";",I27,1)-2)) -> 0 | ... M41: =_xlfn.NUMBERVALUE(MID(M27,2,FIND(";",M27,1)-2)) -> 0
A43: M | B43: DRI1 | C43: DRI3 | D43: DRI4 | E43: DRI5 | F43: DRI6 | G43: DRI7 | H43: DRI9 | I43: DRI10 | J43: DRI11 | K43: DRI13 | L43: DRI14 | M43: DRI15
A44: DRI1 | B44: =_xlfn.NUMBERVALUE(MID(B16,FIND(";",B16,1)+1,FIND(";",B16,FIND(";",B16,1)+1)-FIND(";",B16,1)-1)) -> 0 | C44: =_xlfn.NUMBERVALUE(MID(C16,FIND(";",C16,1)+1,FIND(";",C16,FIND(";",C16,1)+1)-FIND(";",C16,1)-1)) -> 0.2846 | D44: =_xlfn.NUMBERVALUE(MID(D16,FIND(";",D16,1)+1,FIND(";",D16,FIND(";",D16,1)+1)-FIND(";",D16,1)-1)) -> 0.2846 | E44: =_xlfn.NUMBERVALUE(MID(E16,FIND(";",E16,1)+1,FIND(";",E16,FIND(";",E16,1)+1)-FIND(";",E16,1)-1)) -> 0 | F44: =_xlfn.NUMBERVALUE(MID(F16,FIND(";",F16,1)+1,FIND(";",F16,FIND(";",F16,1)+1)-FIND(";",F16,1)-1)) -> 0.251 | G44: =_xlfn.NUMBERVALUE(MID(G16,FIND(";",G16,1)+1,FIND(";",G16,FIND(";",G16,1)+1)-FIND(";",G16,1)-1)) -> 0 | H44: =_xlfn.NUMBERVALUE(MID(H16,FIND(";",H16,1)+1,FIND(";",H16,FIND(";",H16,1)+1)-FIND(";",H16,1)-1)) -> 0.1414 | I44: =_xlfn.NUMBERVALUE(MID(I16,FIND(";",I16,1)+1,FIND(";",I16,FIND(";",I16,1)+1)-FIND(";",I16,1)-1)) -> 0.0707 | ... M44: =_xlfn.NUMBERVALUE(MID(M16,FIND(";",M16,1)+1,FIND(";",M16,FIND(";",M16,1)+1)-FIND(";",M16,1)-1)) -> 0
A45: DRI3 | B45: =_xlfn.NUMBERVALUE(MID(B17,FIND(";",B17,1)+1,FIND(";",B17,FIND(";",B17,1)+1)-FIND(";",B17,1)-1)) -> 0.1414 | C45: =_xlfn.NUMBERVALUE(MID(C17,FIND(";",C17,1)+1,FIND(";",C17,FIND(";",C17,1)+1)-FIND(";",C17,1)-1)) -> 0 | D45: =_xlfn.NUMBERVALUE(MID(D17,FIND(";",D17,1)+1,FIND(";",D17,FIND(";",D17,1)+1)-FIND(";",D17,1)-1)) -> 0.3795 | E45: =_xlfn.NUMBERVALUE(MID(E17,FIND(";",E17,1)+1,FIND(";",E17,FIND(";",E17,1)+1)-FIND(";",E17,1)-1)) -> 0.3347 | F45: =_xlfn.NUMBERVALUE(MID(F17,FIND(";",F17,1)+1,FIND(";",F17,FIND(";",F17,1)+1)-FIND(";",F17,1)-1)) -> 0.0707 | G45: =_xlfn.NUMBERVALUE(MID(G17,FIND(";",G17,1)+1,FIND(";",G17,FIND(";",G17,1)+1)-FIND(";",G17,1)-1)) -> 0.3795 | H45: =_xlfn.NUMBERVALUE(MID(H17,FIND(";",H17,1)+1,FIND(";",H17,FIND(";",H17,1)+1)-FIND(";",H17,1)-1)) -> 0.3795 | I45: =_xlfn.NUMBERVALUE(MID(I17,FIND(";",I17,1)+1,FIND(";",I17,FIND(";",I17,1)+1)-FIND(";",I17,1)-1)) -> 0 | ... M45: =_xlfn.NUMBERVALUE(MID(M17,FIND(";",M17,1)+1,FIND(";",M17,FIND(";",M17,1)+1)-FIND(";",M17,1)-1)) -> 0.3795
A46: DRI4 | B46: =_xlfn.NUMBERVALUE(MID(B18,FIND(";",B18,1)+1,FIND(";",B18,FIND(";",B18,1)+1)-FIND(";",B18,1)-1)) -> 0.251 | C46: =_xlfn.NUMBERVALUE(MID(C18,FIND(";",C18,1)+1,FIND(";",C18,FIND(";",C18,1)+1)-FIND(";",C18,1)-1)) -> 0 | D46: =_xlfn.NUMBERVALUE(MID(D18,FIND(";",D18,1)+1,FIND(";",D18,FIND(";",D18,1)+1)-FIND(";",D18,1)-1)) -> 0 | E46: =_xlfn.NUMBERVALUE(MID(E18,FIND(";",E18,1)+1,FIND(";",E18,FIND(";",E18,1)+1)-FIND(";",E18,1)-1)) -> 0.2121 | F46: =_xlfn.NUMBERVALUE(MID(F18,FIND(";",F18,1)+1,FIND(";",F18,FIND(";",F18,1)+1)-FIND(";",F18,1)-1)) -> 0.0548 | G46: =_xlfn.NUMBERVALUE(MID(G18,FIND(";",G18,1)+1,FIND(";",G18,FIND(";",G18,1)+1)-FIND(";",G18,1)-1)) -> 0.0548 | H46: =_xlfn.NUMBERVALUE(MID(H18,FIND(";",H18,1)+1,FIND(";",H18,FIND(";",H18,1)+1)-FIND(";",H18,1)-1)) -> 0.251 | I46: =_xlfn.NUMBERVALUE(MID(I18,FIND(";",I18,1)+1,FIND(";",I18,FIND(";",I18,1)+1)-FIND(";",I18,1)-1)) -> 0.0707 | ... M46: =_xlfn.NUMBERVALUE(MID(M18,FIND(";",M18,1)+1,FIND(";",M18,FIND(";",M18,1)+1)-FIND(";",M18,1)-1)) -> 0.3795
A47: DRI5 | B47: =_xlfn.NUMBERVALUE(MID(B19,FIND(";",B19,1)+1,FIND(";",B19,FIND(";",B19,1)+1)-FIND(";",B19,1)-1)) -> 0 | C47: =_xlfn.NUMBERVALUE(MID(C19,FIND(";",C19,1)+1,FIND(";",C19,FIND(";",C19,1)+1)-FIND(";",C19,1)-1)) -> 0.1673 | D47: =_xlfn.NUMBERVALUE(MID(D19,FIND(";",D19,1)+1,FIND(";",D19,FIND(";",D19,1)+1)-FIND(";",D19,1)-1)) -> 0 | E47: =_xlfn.NUMBERVALUE(MID(E19,FIND(";",E19,1)+1,FIND(";",E19,FIND(";",E19,1)+1)-FIND(";",E19,1)-1)) -> 0 | F47: =_xlfn.NUMBERVALUE(MID(F19,FIND(";",F19,1)+1,FIND(";",F19,FIND(";",F19,1)+1)-FIND(";",F19,1)-1)) -> 0.251 | G47: =_xlfn.NUMBERVALUE(MID(G19,FIND(";",G19,1)+1,FIND(";",G19,FIND(";",G19,1)+1)-FIND(";",G19,1)-1)) -> 0 | H47: =_xlfn.NUMBERVALUE(MID(H19,FIND(";",H19,1)+1,FIND(";",H19,FIND(";",H19,1)+1)-FIND(";",H19,1)-1)) -> 0.2846 | I47: =_xlfn.NUMBERVALUE(MID(I19,FIND(";",I19,1)+1,FIND(";",I19,FIND(";",I19,1)+1)-FIND(";",I19,1)-1)) -> 0 | ... M47: =_xlfn.NUMBERVALUE(MID(M19,FIND(";",M19,1)+1,FIND(";",M19,FIND(";",M19,1)+1)-FIND(";",M19,1)-1)) -> 0.0548
A48: DRI6 | B48: =_xlfn.NUMBERVALUE(MID(B20,FIND(";",B20,1)+1,FIND(";",B20,FIND(";",B20,1)+1)-FIND(";",B20,1)-1)) -> 0.0316 | C48: =_xlfn.NUMBERVALUE(MID(C20,FIND(";",C20,1)+1,FIND(";",C20,FIND(";",C20,1)+1)-FIND(";",C20,1)-1)) -> 0.0707 | D48: =_xlfn.NUMBERVALUE(MID(D20,FIND(";",D20,1)+1,FIND(";",D20,FIND(";",D20,1)+1)-FIND(";",D20,1)-1)) -> 0 | E48: =_xlfn.NUMBERVALUE(MID(E20,FIND(";",E20,1)+1,FIND(";",E20,FIND(";",E20,1)+1)-FIND(";",E20,1)-1)) -> 0 | F48: =_xlfn.NUMBERVALUE(MID(F20,FIND(";",F20,1)+1,FIND(";",F20,FIND(";",F20,1)+1)-FIND(";",F20,1)-1)) -> 0 | G48: =_xlfn.NUMBERVALUE(MID(G20,FIND(";",G20,1)+1,FIND(";",G20,FIND(";",G20,1)+1)-FIND(";",G20,1)-1)) -> 0.2846 | H48: =_xlfn.NUMBERVALUE(MID(H20,FIND(";",H20,1)+1,FIND(";",H20,FIND(";",H20,1)+1)-FIND(";",H20,1)-1)) -> 0 | I48: =_xlfn.NUMBERVALUE(MID(I20,FIND(";",I20,1)+1,FIND(";",I20,FIND(";",I20,1)+1)-FIND(";",I20,1)-1)) -> 0.0707 | ... M48: =_xlfn.NUMBERVALUE(MID(M20,FIND(";",M20,1)+1,FIND(";",M20,FIND(";",M20,1)+1)-FIND(";",M20,1)-1)) -> 0
A49: DRI7 | B49: =_xlfn.NUMBERVALUE(MID(B21,FIND(";",B21,1)+1,FIND(";",B21,FIND(";",B21,1)+1)-FIND(";",B21,1)-1)) -> 0.0707 | C49: =_xlfn.NUMBERVALUE(MID(C21,FIND(";",C21,1)+1,FIND(";",C21,FIND(";",C21,1)+1)-FIND(";",C21,1)-1)) -> 0.1414 | D49: =_xlfn.NUMBERVALUE(MID(D21,FIND(";",D21,1)+1,FIND(";",D21,FIND(";",D21,1)+1)-FIND(";",D21,1)-1)) -> 0.0548 | E49: =_xlfn.NUMBERVALUE(MID(E21,FIND(";",E21,1)+1,FIND(";",E21,FIND(";",E21,1)+1)-FIND(";",E21,1)-1)) -> 0 | F49: =_xlfn.NUMBERVALUE(MID(F21,FIND(";",F21,1)+1,FIND(";",F21,FIND(";",F21,1)+1)-FIND(";",F21,1)-1)) -> 0 | G49: =_xlfn.NUMBERVALUE(MID(G21,FIND(";",G21,1)+1,FIND(";",G21,FIND(";",G21,1)+1)-FIND(";",G21,1)-1)) -> 0 | H49: =_xlfn.NUMBERVALUE(MID(H21,FIND(";",H21,1)+1,FIND(";",H21,FIND(";",H21,1)+1)-FIND(";",H21,1)-1)) -> 0 | I49: =_xlfn.NUMBERVALUE(MID(I21,FIND(";",I21,1)+1,FIND(";",I21,FIND(";",I21,1)+1)-FIND(";",I21,1)-1)) -> 0.1673 | ... M49: =_xlfn.NUMBERVALUE(MID(M21,FIND(";",M21,1)+1,FIND(";",M21,FIND(";",M21,1)+1)-FIND(";",M21,1)-1)) -> 0.0548
A50: DRI9 | B50: =_xlfn.NUMBERVALUE(MID(B22,FIND(";",B22,1)+1,FIND(";",B22,FIND(";",B22,1)+1)-FIND(";",B22,1)-1)) -> 0 | C50: =_xlfn.NUMBERVALUE(MID(C22,FIND(";",C22,1)+1,FIND(";",C22,FIND(";",C22,1)+1)-FIND(";",C22,1)-1)) -> 0.0707 | D50: =_xlfn.NUMBERVALUE(MID(D22,FIND(";",D22,1)+1,FIND(";",D22,FIND(";",D22,1)+1)-FIND(";",D22,1)-1)) -> 0.0548 | E50: =_xlfn.NUMBERVALUE(MID(E22,FIND(";",E22,1)+1,FIND(";",E22,FIND(";",E22,1)+1)-FIND(";",E22,1)-1)) -> 0.0837 | F50: =_xlfn.NUMBERVALUE(MID(F22,FIND(";",F22,1)+1,FIND(";",F22,FIND(";",F22,1)+1)-FIND(";",F22,1)-1)) -> 0 | G50: =_xlfn.NUMBERVALUE(MID(G22,FIND(";",G22,1)+1,FIND(";",G22,FIND(";",G22,1)+1)-FIND(";",G22,1)-1)) -> 0 | H50: =_xlfn.NUMBERVALUE(MID(H22,FIND(";",H22,1)+1,FIND(";",H22,FIND(";",H22,1)+1)-FIND(";",H22,1)-1)) -> 0 | I50: =_xlfn.NUMBERVALUE(MID(I22,FIND(";",I22,1)+1,FIND(";",I22,FIND(";",I22,1)+1)-FIND(";",I22,1)-1)) -> 0.1414 | ... M50: =_xlfn.NUMBERVALUE(MID(M22,FIND(";",M22,1)+1,FIND(";",M22,FIND(";",M22,1)+1)-FIND(";",M22,1)-1)) -> 0
A51: DRI10 | B51: =_xlfn.NUMBERVALUE(MID(B23,FIND(";",B23,1)+1,FIND(";",B23,FIND(";",B23,1)+1)-FIND(";",B23,1)-1)) -> 0 | C51: =_xlfn.NUMBERVALUE(MID(C23,FIND(";",C23,1)+1,FIND(";",C23,FIND(";",C23,1)+1)-FIND(";",C23,1)-1)) -> 0 | D51: =_xlfn.NUMBERVALUE(MID(D23,FIND(";",D23,1)+1,FIND(";",D23,FIND(";",D23,1)+1)-FIND(";",D23,1)-1)) -> 0 | E51: =_xlfn.NUMBERVALUE(MID(E23,FIND(";",E23,1)+1,FIND(";",E23,FIND(";",E23,1)+1)-FIND(";",E23,1)-1)) -> 0 | F51: =_xlfn.NUMBERVALUE(MID(F23,FIND(";",F23,1)+1,FIND(";",F23,FIND(";",F23,1)+1)-FIND(";",F23,1)-1)) -> 0.0707 | G51: =_xlfn.NUMBERVALUE(MID(G23,FIND(";",G23,1)+1,FIND(";",G23,FIND(";",G23,1)+1)-FIND(";",G23,1)-1)) -> 0.1414 | H51: =_xlfn.NUMBERVALUE(MID(H23,FIND(";",H23,1)+1,FIND(";",H23,FIND(";",H23,1)+1)-FIND(";",H23,1)-1)) -> 0 | I51: =_xlfn.NUMBERVALUE(MID(I23,FIND(";",I23,1)+1,FIND(";",I23,FIND(";",I23,1)+1)-FIND(";",I23,1)-1)) -> 0 | ... M51: =_xlfn.NUMBERVALUE(MID(M23,FIND(";",M23,1)+1,FIND(";",M23,FIND(";",M23,1)+1)-FIND(";",M23,1)-1)) -> 0.2846
A52: DRI11 | B52: =_xlfn.NUMBERVALUE(MID(B24,FIND(";",B24,1)+1,FIND(";",B24,FIND(";",B24,1)+1)-FIND(";",B24,1)-1)) -> 0.1673 | C52: =_xlfn.NUMBERVALUE(MID(C24,FIND(";",C24,1)+1,FIND(";",C24,FIND(";",C24,1)+1)-FIND(";",C24,1)-1)) -> 0.0548 | D52: =_xlfn.NUMBERVALUE(MID(D24,FIND(";",D24,1)+1,FIND(";",D24,FIND(";",D24,1)+1)-FIND(";",D24,1)-1)) -> 0.0707 | E52: =_xlfn.NUMBERVALUE(MID(E24,FIND(";",E24,1)+1,FIND(";",E24,FIND(";",E24,1)+1)-FIND(";",E24,1)-1)) -> 0 | F52: =_xlfn.NUMBERVALUE(MID(F24,FIND(";",F24,1)+1,FIND(";",F24,FIND(";",F24,1)+1)-FIND(";",F24,1)-1)) -> 0 | G52: =_xlfn.NUMBERVALUE(MID(G24,FIND(";",G24,1)+1,FIND(";",G24,FIND(";",G24,1)+1)-FIND(";",G24,1)-1)) -> 0.0707 | H52: =_xlfn.NUMBERVALUE(MID(H24,FIND(";",H24,1)+1,FIND(";",H24,FIND(";",H24,1)+1)-FIND(";",H24,1)-1)) -> 0.2846 | I52: =_xlfn.NUMBERVALUE(MID(I24,FIND(";",I24,1)+1,FIND(";",I24,FIND(";",I24,1)+1)-FIND(";",I24,1)-1)) -> 0 | ... M52: =_xlfn.NUMBERVALUE(MID(M24,FIND(";",M24,1)+1,FIND(";",M24,FIND(";",M24,1)+1)-FIND(";",M24,1)-1)) -> 0.2846
A53: DRI13 | B53: =_xlfn.NUMBERVALUE(MID(B25,FIND(";",B25,1)+1,FIND(";",B25,FIND(";",B25,1)+1)-FIND(";",B25,1)-1)) -> 0.0548 | C53: =_xlfn.NUMBERVALUE(MID(C25,FIND(";",C25,1)+1,FIND(";",C25,FIND(";",C25,1)+1)-FIND(";",C25,1)-1)) -> 0 | D53: =_xlfn.NUMBERVALUE(MID(D25,FIND(";",D25,1)+1,FIND(";",D25,FIND(";",D25,1)+1)-FIND(";",D25,1)-1)) -> 0 | E53: =_xlfn.NUMBERVALUE(MID(E25,FIND(";",E25,1)+1,FIND(";",E25,FIND(";",E25,1)+1)-FIND(";",E25,1)-1)) -> 0 | F53: =_xlfn.NUMBERVALUE(MID(F25,FIND(";",F25,1)+1,FIND(";",F25,FIND(";",F25,1)+1)-FIND(";",F25,1)-1)) -> 0 | G53: =_xlfn.NUMBERVALUE(MID(G25,FIND(";",G25,1)+1,FIND(";",G25,FIND(";",G25,1)+1)-FIND(";",G25,1)-1)) -> 0 | H53: =_xlfn.NUMBERVALUE(MID(H25,FIND(";",H25,1)+1,FIND(";",H25,FIND(";",H25,1)+1)-FIND(";",H25,1)-1)) -> 0 | I53: =_xlfn.NUMBERVALUE(MID(I25,FIND(";",I25,1)+1,FIND(";",I25,FIND(";",I25,1)+1)-FIND(";",I25,1)-1)) -> 0.0707 | ... M53: =_xlfn.NUMBERVALUE(MID(M25,FIND(";",M25,1)+1,FIND(";",M25,FIND(";",M25,1)+1)-FIND(";",M25,1)-1)) -> 0
A54: DRI14 | B54: =_xlfn.NUMBERVALUE(MID(B26,FIND(";",B26,1)+1,FIND(";",B26,FIND(";",B26,1)+1)-FIND(";",B26,1)-1)) -> 0 | C54: =_xlfn.NUMBERVALUE(MID(C26,FIND(";",C26,1)+1,FIND(";",C26,FIND(";",C26,1)+1)-FIND(";",C26,1)-1)) -> 0.0548 | D54: =_xlfn.NUMBERVALUE(MID(D26,FIND(";",D26,1)+1,FIND(";",D26,FIND(";",D26,1)+1)-FIND(";",D26,1)-1)) -> 0 | E54: =_xlfn.NUMBERVALUE(MID(E26,FIND(";",E26,1)+1,FIND(";",E26,FIND(";",E26,1)+1)-FIND(";",E26,1)-1)) -> 0 | F54: =_xlfn.NUMBERVALUE(MID(F26,FIND(";",F26,1)+1,FIND(";",F26,FIND(";",F26,1)+1)-FIND(";",F26,1)-1)) -> 0.0707 | G54: =_xlfn.NUMBERVALUE(MID(G26,FIND(";",G26,1)+1,FIND(";",G26,FIND(";",G26,1)+1)-FIND(";",G26,1)-1)) -> 0 | H54: =_xlfn.NUMBERVALUE(MID(H26,FIND(";",H26,1)+1,FIND(";",H26,FIND(";",H26,1)+1)-FIND(";",H26,1)-1)) -> 0 | I54: =_xlfn.NUMBERVALUE(MID(I26,FIND(";",I26,1)+1,FIND(";",I26,FIND(";",I26,1)+1)-FIND(";",I26,1)-1)) -> 0.1414 | ... M54: =_xlfn.NUMBERVALUE(MID(M26,FIND(";",M26,1)+1,FIND(";",M26,FIND(";",M26,1)+1)-FIND(";",M26,1)-1)) -> 0.2846
A55: DRI15 | B55: =_xlfn.NUMBERVALUE(MID(B27,FIND(";",B27,1)+1,FIND(";",B27,FIND(";",B27,1)+1)-FIND(";",B27,1)-1)) -> 0.0707 | C55: =_xlfn.NUMBERVALUE(MID(C27,FIND(";",C27,1)+1,FIND(";",C27,FIND(";",C27,1)+1)-FIND(";",C27,1)-1)) -> 0 | D55: =_xlfn.NUMBERVALUE(MID(D27,FIND(";",D27,1)+1,FIND(";",D27,FIND(";",D27,1)+1)-FIND(";",D27,1)-1)) -> 0 | E55: =_xlfn.NUMBERVALUE(MID(E27,FIND(";",E27,1)+1,FIND(";",E27,FIND(";",E27,1)+1)-FIND(";",E27,1)-1)) -> 0 | F55: =_xlfn.NUMBERVALUE(MID(F27,FIND(";",F27,1)+1,FIND(";",F27,FIND(";",F27,1)+1)-FIND(";",F27,1)-1)) -> 0.0707 | G55: =_xlfn.NUMBERVALUE(MID(G27,FIND(";",G27,1)+1,FIND(";",G27,FIND(";",G27,1)+1)-FIND(";",G27,1)-1)) -> 0.1673 | H55: =_xlfn.NUMBERVALUE(MID(H27,FIND(";",H27,1)+1,FIND(";",H27,FIND(";",H27,1)+1)-FIND(";",H27,1)-1)) -> 0 | I55: =_xlfn.NUMBERVALUE(MID(I27,FIND(";",I27,1)+1,FIND(";",I27,FIND(";",I27,1)+1)-FIND(";",I27,1)-1)) -> 0 | ... M55: =_xlfn.NUMBERVALUE(MID(M27,FIND(";",M27,1)+1,FIND(";",M27,FIND(";",M27,1)+1)-FIND(";",M27,1)-1)) -> 0
A57: U | B57: DRI1 | C57: DRI3 | D57: DRI4 | E57: DRI5 | F57: DRI6 | G57: DRI7 | H57: DRI9 | I57: DRI10 | J57: DRI11 | K57: DRI13 | L57: DRI14 | M57: DRI15
A58: DRI1 | B58: =_xlfn.NUMBERVALUE(MID(B16,FIND(";",B16,FIND(";",B16,1)+1)+1, LEN(B16)-FIND(";",B16,FIND(";",B16,1)+1)-1)) -> 0 | C58: =_xlfn.NUMBERVALUE(MID(C16,FIND(";",C16,FIND(";",C16,1)+1)+1, LEN(C16)-FIND(";",C16,FIND(";",C16,1)+1)-1)) -> 0.3795 | D58: =_xlfn.NUMBERVALUE(MID(D16,FIND(";",D16,FIND(";",D16,1)+1)+1, LEN(D16)-FIND(";",D16,FIND(";",D16,1)+1)-1)) -> 0.3795 | E58: =_xlfn.NUMBERVALUE(MID(E16,FIND(";",E16,FIND(";",E16,1)+1)+1, LEN(E16)-FIND(";",E16,FIND(";",E16,1)+1)-1)) -> 0.0707 | F58: =_xlfn.NUMBERVALUE(MID(F16,FIND(";",F16,FIND(";",F16,1)+1)+1, LEN(F16)-FIND(";",F16,FIND(";",F16,1)+1)-1)) -> 0.3347 | G58: =_xlfn.NUMBERVALUE(MID(G16,FIND(";",G16,FIND(";",G16,1)+1)+1, LEN(G16)-FIND(";",G16,FIND(";",G16,1)+1)-1)) -> 0.0707 | H58: =_xlfn.NUMBERVALUE(MID(H16,FIND(";",H16,FIND(";",H16,1)+1)+1, LEN(H16)-FIND(";",H16,FIND(";",H16,1)+1)-1)) -> 0.2121 | I58: =_xlfn.NUMBERVALUE(MID(I16,FIND(";",I16,FIND(";",I16,1)+1)+1, LEN(I16)-FIND(";",I16,FIND(";",I16,1)+1)-1)) -> 0.1414 | ... M58: =_xlfn.NUMBERVALUE(MID(M16,FIND(";",M16,FIND(";",M16,1)+1)+1, LEN(M16)-FIND(";",M16,FIND(";",M16,1)+1)-1)) -> 0.0707
A59: DRI3 | B59: =_xlfn.NUMBERVALUE(MID(B17,FIND(";",B17,FIND(";",B17,1)+1)+1, LEN(B17)-FIND(";",B17,FIND(";",B17,1)+1)-1)) -> 0.2121 | C59: =_xlfn.NUMBERVALUE(MID(C17,FIND(";",C17,FIND(";",C17,1)+1)+1, LEN(C17)-FIND(";",C17,FIND(";",C17,1)+1)-1)) -> 0 | D59: =_xlfn.NUMBERVALUE(MID(D17,FIND(";",D17,FIND(";",D17,1)+1)+1, LEN(D17)-FIND(";",D17,FIND(";",D17,1)+1)-1)) -> 0.3795 | E59: =_xlfn.NUMBERVALUE(MID(E17,FIND(";",E17,FIND(";",E17,1)+1)+1, LEN(E17)-FIND(";",E17,FIND(";",E17,1)+1)-1)) -> 0.3347 | F59: =_xlfn.NUMBERVALUE(MID(F17,FIND(";",F17,FIND(";",F17,1)+1)+1, LEN(F17)-FIND(";",F17,FIND(";",F17,1)+1)-1)) -> 0.1414 | G59: =_xlfn.NUMBERVALUE(MID(G17,FIND(";",G17,FIND(";",G17,1)+1)+1, LEN(G17)-FIND(";",G17,FIND(";",G17,1)+1)-1)) -> 0.3795 | H59: =_xlfn.NUMBERVALUE(MID(H17,FIND(";",H17,FIND(";",H17,1)+1)+1, LEN(H17)-FIND(";",H17,FIND(";",H17,1)+1)-1)) -> 0.3795 | I59: =_xlfn.NUMBERVALUE(MID(I17,FIND(";",I17,FIND(";",I17,1)+1)+1, LEN(I17)-FIND(";",I17,FIND(";",I17,1)+1)-1)) -> 0.0707 | ... M59: =_xlfn.NUMBERVALUE(MID(M17,FIND(";",M17,FIND(";",M17,1)+1)+1, LEN(M17)-FIND(";",M17,FIND(";",M17,1)+1)-1)) -> 0.3795
A60: DRI4 | B60: =_xlfn.NUMBERVALUE(MID(B18,FIND(";",B18,FIND(";",B18,1)+1)+1, LEN(B18)-FIND(";",B18,FIND(";",B18,1)+1)-1)) -> 0.3347 | C60: =_xlfn.NUMBERVALUE(MID(C18,FIND(";",C18,FIND(";",C18,1)+1)+1, LEN(C18)-FIND(";",C18,FIND(";",C18,1)+1)-1)) -> 0.0707 | D60: =_xlfn.NUMBERVALUE(MID(D18,FIND(";",D18,FIND(";",D18,1)+1)+1, LEN(D18)-FIND(";",D18,FIND(";",D18,1)+1)-1)) -> 0 | E60: =_xlfn.NUMBERVALUE(MID(E18,FIND(";",E18,FIND(";",E18,1)+1)+1, LEN(E18)-FIND(";",E18,FIND(";",E18,1)+1)-1)) -> 0.2828 | F60: =_xlfn.NUMBERVALUE(MID(F18,FIND(";",F18,FIND(";",F18,1)+1)+1, LEN(F18)-FIND(";",F18,FIND(";",F18,1)+1)-1)) -> 0.1095 | G60: =_xlfn.NUMBERVALUE(MID(G18,FIND(";",G18,FIND(";",G18,1)+1)+1, LEN(G18)-FIND(";",G18,FIND(";",G18,1)+1)-1)) -> 0.1095 | H60: =_xlfn.NUMBERVALUE(MID(H18,FIND(";",H18,FIND(";",H18,1)+1)+1, LEN(H18)-FIND(";",H18,FIND(";",H18,1)+1)-1)) -> 0.3347 | I60: =_xlfn.NUMBERVALUE(MID(I18,FIND(";",I18,FIND(";",I18,1)+1)+1, LEN(I18)-FIND(";",I18,FIND(";",I18,1)+1)-1)) -> 0.1414 | ... M60: =_xlfn.NUMBERVALUE(MID(M18,FIND(";",M18,FIND(";",M18,1)+1)+1, LEN(M18)-FIND(";",M18,FIND(";",M18,1)+1)-1)) -> 0.3795
A61: DRI5 | B61: =_xlfn.NUMBERVALUE(MID(B19,FIND(";",B19,FIND(";",B19,1)+1)+1, LEN(B19)-FIND(";",B19,FIND(";",B19,1)+1)-1)) -> 0.0707 | C61: =_xlfn.NUMBERVALUE(MID(C19,FIND(";",C19,FIND(";",C19,1)+1)+1, LEN(C19)-FIND(";",C19,FIND(";",C19,1)+1)-1)) -> 0.251 | D61: =_xlfn.NUMBERVALUE(MID(D19,FIND(";",D19,FIND(";",D19,1)+1)+1, LEN(D19)-FIND(";",D19,FIND(";",D19,1)+1)-1)) -> 0.0707 | E61: =_xlfn.NUMBERVALUE(MID(E19,FIND(";",E19,FIND(";",E19,1)+1)+1, LEN(E19)-FIND(";",E19,FIND(";",E19,1)+1)-1)) -> 0 | F61: =_xlfn.NUMBERVALUE(MID(F19,FIND(";",F19,FIND(";",F19,1)+1)+1, LEN(F19)-FIND(";",F19,FIND(";",F19,1)+1)-1)) -> 0.3347 | G61: =_xlfn.NUMBERVALUE(MID(G19,FIND(";",G19,FIND(";",G19,1)+1)+1, LEN(G19)-FIND(";",G19,FIND(";",G19,1)+1)-1)) -> 0.0548 | H61: =_xlfn.NUMBERVALUE(MID(H19,FIND(";",H19,FIND(";",H19,1)+1)+1, LEN(H19)-FIND(";",H19,FIND(";",H19,1)+1)-1)) -> 0.3795 | I61: =_xlfn.NUMBERVALUE(MID(I19,FIND(";",I19,FIND(";",I19,1)+1)+1, LEN(I19)-FIND(";",I19,FIND(";",I19,1)+1)-1)) -> 0.0707 | ... M61: =_xlfn.NUMBERVALUE(MID(M19,FIND(";",M19,FIND(";",M19,1)+1)+1, LEN(M19)-FIND(";",M19,FIND(";",M19,1)+1)-1)) -> 0.1095
A62: DRI6 | B62: =_xlfn.NUMBERVALUE(MID(B20,FIND(";",B20,FIND(";",B20,1)+1)+1, LEN(B20)-FIND(";",B20,FIND(";",B20,1)+1)-1)) -> 0.0632 | C62: =_xlfn.NUMBERVALUE(MID(C20,FIND(";",C20,FIND(";",C20,1)+1)+1, LEN(C20)-FIND(";",C20,FIND(";",C20,1)+1)-1)) -> 0.1414 | D62: =_xlfn.NUMBERVALUE(MID(D20,FIND(";",D20,FIND(";",D20,1)+1)+1, LEN(D20)-FIND(";",D20,FIND(";",D20,1)+1)-1)) -> 0.0707 | E62: =_xlfn.NUMBERVALUE(MID(E20,FIND(";",E20,FIND(";",E20,1)+1)+1, LEN(E20)-FIND(";",E20,FIND(";",E20,1)+1)-1)) -> 0.0316 | F62: =_xlfn.NUMBERVALUE(MID(F20,FIND(";",F20,FIND(";",F20,1)+1)+1, LEN(F20)-FIND(";",F20,FIND(";",F20,1)+1)-1)) -> 0 | G62: =_xlfn.NUMBERVALUE(MID(G20,FIND(";",G20,FIND(";",G20,1)+1)+1, LEN(G20)-FIND(";",G20,FIND(";",G20,1)+1)-1)) -> 0.3795 | H62: =_xlfn.NUMBERVALUE(MID(H20,FIND(";",H20,FIND(";",H20,1)+1)+1, LEN(H20)-FIND(";",H20,FIND(";",H20,1)+1)-1)) -> 0.0837 | I62: =_xlfn.NUMBERVALUE(MID(I20,FIND(";",I20,FIND(";",I20,1)+1)+1, LEN(I20)-FIND(";",I20,FIND(";",I20,1)+1)-1)) -> 0.1414 | ... M62: =_xlfn.NUMBERVALUE(MID(M20,FIND(";",M20,FIND(";",M20,1)+1)+1, LEN(M20)-FIND(";",M20,FIND(";",M20,1)+1)-1)) -> 0.0707
A63: DRI7 | B63: =_xlfn.NUMBERVALUE(MID(B21,FIND(";",B21,FIND(";",B21,1)+1)+1, LEN(B21)-FIND(";",B21,FIND(";",B21,1)+1)-1)) -> 0.1414 | C63: =_xlfn.NUMBERVALUE(MID(C21,FIND(";",C21,FIND(";",C21,1)+1)+1, LEN(C21)-FIND(";",C21,FIND(";",C21,1)+1)-1)) -> 0.2121 | D63: =_xlfn.NUMBERVALUE(MID(D21,FIND(";",D21,FIND(";",D21,1)+1)+1, LEN(D21)-FIND(";",D21,FIND(";",D21,1)+1)-1)) -> 0.1095 | E63: =_xlfn.NUMBERVALUE(MID(E21,FIND(";",E21,FIND(";",E21,1)+1)+1, LEN(E21)-FIND(";",E21,FIND(";",E21,1)+1)-1)) -> 0.0548 | F63: =_xlfn.NUMBERVALUE(MID(F21,FIND(";",F21,FIND(";",F21,1)+1)+1, LEN(F21)-FIND(";",F21,FIND(";",F21,1)+1)-1)) -> 0.0707 | G63: =_xlfn.NUMBERVALUE(MID(G21,FIND(";",G21,FIND(";",G21,1)+1)+1, LEN(G21)-FIND(";",G21,FIND(";",G21,1)+1)-1)) -> 0 | H63: =_xlfn.NUMBERVALUE(MID(H21,FIND(";",H21,FIND(";",H21,1)+1)+1, LEN(H21)-FIND(";",H21,FIND(";",H21,1)+1)-1)) -> 0.0707 | I63: =_xlfn.NUMBERVALUE(MID(I21,FIND(";",I21,FIND(";",I21,1)+1)+1, LEN(I21)-FIND(";",I21,FIND(";",I21,1)+1)-1)) -> 0.251 | ... M63: =_xlfn.NUMBERVALUE(MID(M21,FIND(";",M21,FIND(";",M21,1)+1)+1, LEN(M21)-FIND(";",M21,FIND(";",M21,1)+1)-1)) -> 0.1095
A64: DRI9 | B64: =_xlfn.NUMBERVALUE(MID(B22,FIND(";",B22,FIND(";",B22,1)+1)+1, LEN(B22)-FIND(";",B22,FIND(";",B22,1)+1)-1)) -> 0.0548 | C64: =_xlfn.NUMBERVALUE(MID(C22,FIND(";",C22,FIND(";",C22,1)+1)+1, LEN(C22)-FIND(";",C22,FIND(";",C22,1)+1)-1)) -> 0.1414 | D64: =_xlfn.NUMBERVALUE(MID(D22,FIND(";",D22,FIND(";",D22,1)+1)+1, LEN(D22)-FIND(";",D22,FIND(";",D22,1)+1)-1)) -> 0.1095 | E64: =_xlfn.NUMBERVALUE(MID(E22,FIND(";",E22,FIND(";",E22,1)+1)+1, LEN(E22)-FIND(";",E22,FIND(";",E22,1)+1)-1)) -> 0.1673 | F64: =_xlfn.NUMBERVALUE(MID(F22,FIND(";",F22,FIND(";",F22,1)+1)+1, LEN(F22)-FIND(";",F22,FIND(";",F22,1)+1)-1)) -> 0.0707 | G64: =_xlfn.NUMBERVALUE(MID(G22,FIND(";",G22,FIND(";",G22,1)+1)+1, LEN(G22)-FIND(";",G22,FIND(";",G22,1)+1)-1)) -> 0.0707 | H64: =_xlfn.NUMBERVALUE(MID(H22,FIND(";",H22,FIND(";",H22,1)+1)+1, LEN(H22)-FIND(";",H22,FIND(";",H22,1)+1)-1)) -> 0 | I64: =_xlfn.NUMBERVALUE(MID(I22,FIND(";",I22,FIND(";",I22,1)+1)+1, LEN(I22)-FIND(";",I22,FIND(";",I22,1)+1)-1)) -> 0.2121 | ... M64: =_xlfn.NUMBERVALUE(MID(M22,FIND(";",M22,FIND(";",M22,1)+1)+1, LEN(M22)-FIND(";",M22,FIND(";",M22,1)+1)-1)) -> 0.0707
A65: DRI10 | B65: =_xlfn.NUMBERVALUE(MID(B23,FIND(";",B23,FIND(";",B23,1)+1)+1, LEN(B23)-FIND(";",B23,FIND(";",B23,1)+1)-1)) -> 0.0707 | C65: =_xlfn.NUMBERVALUE(MID(C23,FIND(";",C23,FIND(";",C23,1)+1)+1, LEN(C23)-FIND(";",C23,FIND(";",C23,1)+1)-1)) -> 0.0707 | D65: =_xlfn.NUMBERVALUE(MID(D23,FIND(";",D23,FIND(";",D23,1)+1)+1, LEN(D23)-FIND(";",D23,FIND(";",D23,1)+1)-1)) -> 0.0707 | E65: =_xlfn.NUMBERVALUE(MID(E23,FIND(";",E23,FIND(";",E23,1)+1)+1, LEN(E23)-FIND(";",E23,FIND(";",E23,1)+1)-1)) -> 0.0837 | F65: =_xlfn.NUMBERVALUE(MID(F23,FIND(";",F23,FIND(";",F23,1)+1)+1, LEN(F23)-FIND(";",F23,FIND(";",F23,1)+1)-1)) -> 0.1414 | G65: =_xlfn.NUMBERVALUE(MID(G23,FIND(";",G23,FIND(";",G23,1)+1)+1, LEN(G23)-FIND(";",G23,FIND(";",G23,1)+1)-1)) -> 0.2121 | H65: =_xlfn.NUMBERVALUE(MID(H23,FIND(";",H23,FIND(";",H23,1)+1)+1, LEN(H23)-FIND(";",H23,FIND(";",H23,1)+1)-1)) -> 0.0837 | I65: =_xlfn.NUMBERVALUE(MID(I23,FIND(";",I23,FIND(";",I23,1)+1)+1, LEN(I23)-FIND(";",I23,FIND(";",I23,1)+1)-1)) -> 0 | ... M65: =_xlfn.NUMBERVALUE(MID(M23,FIND(";",M23,FIND(";",M23,1)+1)+1, LEN(M23)-FIND(";",M23,FIND(";",M23,1)+1)-1)) -> 0.3795
A66: DRI11 | B66: =_xlfn.NUMBERVALUE(MID(B24,FIND(";",B24,FIND(";",B24,1)+1)+1, LEN(B24)-FIND(";",B24,FIND(";",B24,1)+1)-1)) -> 0.251 | C66: =_xlfn.NUMBERVALUE(MID(C24,FIND(";",C24,FIND(";",C24,1)+1)+1, LEN(C24)-FIND(";",C24,FIND(";",C24,1)+1)-1)) -> 0.1095 | D66: =_xlfn.NUMBERVALUE(MID(D24,FIND(";",D24,FIND(";",D24,1)+1)+1, LEN(D24)-FIND(";",D24,FIND(";",D24,1)+1)-1)) -> 0.1414 | E66: =_xlfn.NUMBERVALUE(MID(E24,FIND(";",E24,FIND(";",E24,1)+1)+1, LEN(E24)-FIND(";",E24,FIND(";",E24,1)+1)-1)) -> 0.0707 | F66: =_xlfn.NUMBERVALUE(MID(F24,FIND(";",F24,FIND(";",F24,1)+1)+1, LEN(F24)-FIND(";",F24,FIND(";",F24,1)+1)-1)) -> 0.0548 | G66: =_xlfn.NUMBERVALUE(MID(G24,FIND(";",G24,FIND(";",G24,1)+1)+1, LEN(G24)-FIND(";",G24,FIND(";",G24,1)+1)-1)) -> 0.1414 | H66: =_xlfn.NUMBERVALUE(MID(H24,FIND(";",H24,FIND(";",H24,1)+1)+1, LEN(H24)-FIND(";",H24,FIND(";",H24,1)+1)-1)) -> 0.3795 | I66: =_xlfn.NUMBERVALUE(MID(I24,FIND(";",I24,FIND(";",I24,1)+1)+1, LEN(I24)-FIND(";",I24,FIND(";",I24,1)+1)-1)) -> 0.0707 | ... M66: =_xlfn.NUMBERVALUE(MID(M24,FIND(";",M24,FIND(";",M24,1)+1)+1, LEN(M24)-FIND(";",M24,FIND(";",M24,1)+1)-1)) -> 0.3795
A67: DRI13 | B67: =_xlfn.NUMBERVALUE(MID(B25,FIND(";",B25,FIND(";",B25,1)+1)+1, LEN(B25)-FIND(";",B25,FIND(";",B25,1)+1)-1)) -> 0.1095 | C67: =_xlfn.NUMBERVALUE(MID(C25,FIND(";",C25,FIND(";",C25,1)+1)+1, LEN(C25)-FIND(";",C25,FIND(";",C25,1)+1)-1)) -> 0.0707 | D67: =_xlfn.NUMBERVALUE(MID(D25,FIND(";",D25,FIND(";",D25,1)+1)+1, LEN(D25)-FIND(";",D25,FIND(";",D25,1)+1)-1)) -> 0.0548 | E67: =_xlfn.NUMBERVALUE(MID(E25,FIND(";",E25,FIND(";",E25,1)+1)+1, LEN(E25)-FIND(";",E25,FIND(";",E25,1)+1)-1)) -> 0.0548 | F67: =_xlfn.NUMBERVALUE(MID(F25,FIND(";",F25,FIND(";",F25,1)+1)+1, LEN(F25)-FIND(";",F25,FIND(";",F25,1)+1)-1)) -> 0.0548 | G67: =_xlfn.NUMBERVALUE(MID(G25,FIND(";",G25,FIND(";",G25,1)+1)+1, LEN(G25)-FIND(";",G25,FIND(";",G25,1)+1)-1)) -> 0.0548 | H67: =_xlfn.NUMBERVALUE(MID(H25,FIND(";",H25,FIND(";",H25,1)+1)+1, LEN(H25)-FIND(";",H25,FIND(";",H25,1)+1)-1)) -> 0.0837 | I67: =_xlfn.NUMBERVALUE(MID(I25,FIND(";",I25,FIND(";",I25,1)+1)+1, LEN(I25)-FIND(";",I25,FIND(";",I25,1)+1)-1)) -> 0.1414 | ... M67: =_xlfn.NUMBERVALUE(MID(M25,FIND(";",M25,FIND(";",M25,1)+1)+1, LEN(M25)-FIND(";",M25,FIND(";",M25,1)+1)-1)) -> 0.0707
A68: DRI14 | B68: =_xlfn.NUMBERVALUE(MID(B26,FIND(";",B26,FIND(";",B26,1)+1)+1, LEN(B26)-FIND(";",B26,FIND(";",B26,1)+1)-1)) -> 0.0548 | C68: =_xlfn.NUMBERVALUE(MID(C26,FIND(";",C26,FIND(";",C26,1)+1)+1, LEN(C26)-FIND(";",C26,FIND(";",C26,1)+1)-1)) -> 0.1095 | D68: =_xlfn.NUMBERVALUE(MID(D26,FIND(";",D26,FIND(";",D26,1)+1)+1, LEN(D26)-FIND(";",D26,FIND(";",D26,1)+1)-1)) -> 0.0707 | E68: =_xlfn.NUMBERVALUE(MID(E26,FIND(";",E26,FIND(";",E26,1)+1)+1, LEN(E26)-FIND(";",E26,FIND(";",E26,1)+1)-1)) -> 0.0707 | F68: =_xlfn.NUMBERVALUE(MID(F26,FIND(";",F26,FIND(";",F26,1)+1)+1, LEN(F26)-FIND(";",F26,FIND(";",F26,1)+1)-1)) -> 0.1414 | G68: =_xlfn.NUMBERVALUE(MID(G26,FIND(";",G26,FIND(";",G26,1)+1)+1, LEN(G26)-FIND(";",G26,FIND(";",G26,1)+1)-1)) -> 0.0707 | H68: =_xlfn.NUMBERVALUE(MID(H26,FIND(";",H26,FIND(";",H26,1)+1)+1, LEN(H26)-FIND(";",H26,FIND(";",H26,1)+1)-1)) -> 0.0316 | I68: =_xlfn.NUMBERVALUE(MID(I26,FIND(";",I26,FIND(";",I26,1)+1)+1, LEN(I26)-FIND(";",I26,FIND(";",I26,1)+1)-1)) -> 0.2121 | ... M68: =_xlfn.NUMBERVALUE(MID(M26,FIND(";",M26,FIND(";",M26,1)+1)+1, LEN(M26)-FIND(";",M26,FIND(";",M26,1)+1)-1)) -> 0.3795
A69: DRI15 | B69: =_xlfn.NUMBERVALUE(MID(B27,FIND(";",B27,FIND(";",B27,1)+1)+1, LEN(B27)-FIND(";",B27,FIND(";",B27,1)+1)-1)) -> 0.1414 | C69: =_xlfn.NUMBERVALUE(MID(C27,FIND(";",C27,FIND(";",C27,1)+1)+1, LEN(C27)-FIND(";",C27,FIND(";",C27,1)+1)-1)) -> 0.0707 | D69: =_xlfn.NUMBERVALUE(MID(D27,FIND(";",D27,FIND(";",D27,1)+1)+1, LEN(D27)-FIND(";",D27,FIND(";",D27,1)+1)-1)) -> 0.0548 | E69: =_xlfn.NUMBERVALUE(MID(E27,FIND(";",E27,FIND(";",E27,1)+1)+1, LEN(E27)-FIND(";",E27,FIND(";",E27,1)+1)-1)) -> 0.0707 | F69: =_xlfn.NUMBERVALUE(MID(F27,FIND(";",F27,FIND(";",F27,1)+1)+1, LEN(F27)-FIND(";",F27,FIND(";",F27,1)+1)-1)) -> 0.1414 | G69: =_xlfn.NUMBERVALUE(MID(G27,FIND(";",G27,FIND(";",G27,1)+1)+1, LEN(G27)-FIND(";",G27,FIND(";",G27,1)+1)-1)) -> 0.251 | H69: =_xlfn.NUMBERVALUE(MID(H27,FIND(";",H27,FIND(";",H27,1)+1)+1, LEN(H27)-FIND(";",H27,FIND(";",H27,1)+1)-1)) -> 0.0548 | I69: =_xlfn.NUMBERVALUE(MID(I27,FIND(";",I27,FIND(";",I27,1)+1)+1, LEN(I27)-FIND(";",I27,FIND(";",I27,1)+1)-1)) -> 0.0837 | ... M69: =_xlfn.NUMBERVALUE(MID(M27,FIND(";",M27,FIND(";",M27,1)+1)+1, LEN(M27)-FIND(";",M27,FIND(";",M27,1)+1)-1)) -> 0

Sheet Ans 3
B1: DRI1 | C1: DRI3 | D1: DRI4 | E1: DRI5 | F1: DRI6 | G1: DRI7 | H1: DRI9 | I1: DRI10 | J1: DRI11 | K1: DRI13 | L1: DRI14 | M1: DRI15
A2: DRI1 | B2: 0 | C2: VI;H | D2: VI;VH | E2: NI;M | F2: NI;M | G2: WI;L | H2: NI;L | I2: NI;L | J2: VI;VH | K2: WI;M | L2: WI;L | M2: WI;M
A3: DRI3 | B3: WI;VL | C3: 0 | D3: AI;H | E3: AI;VH | F3: VI;H | G3: AI;H | H3: AI;H | I3: WI;M | J3: AI;H | K3: AI;VH | L3: AI;VH | M3: VI;VH
A4: DRI4 | B4: FI;M | C4: NI;M | D4: 0 | E4: FI;H | F4: WI;M | G4: WI;L | H4: FI;H | I4: NI;M | J4: VI;VH | K4: AI;VH | L4: VI;H | M4: VI;VH
A5: DRI5 | B5: WI;M | C5: WI;H | D5: NI;L | E5: 0 | F5: VI;H | G5: FI;M | H5: VI;VH | I5: FI;M | J5: AI;H | K5: NI;H | L5: VI;H | M5: AI;VH
A6: DRI6 | B6: WI;VL | C6: WI;M | D6: WI;M | E6: WI;M | F6: 0 | G6: FI;H | H6: NI;L | I6: WI;M | J6: VI;H | K6: AI;H | L6: FI;M | M6: WI;M
A7: DRI7 | B7: NI;VL | C7: FI;M | D7: NI;L | E7: NI;M | F7: NI;L | G7: 0 | H7: NI;L | I7: WI;M | J7: VI;VH | K7: WI;M | L7: WI;L | M7: NI;M
A8: DRI9 | B8: WI;L | C8: WI;M | D8: NI;M | E8: WI;M | F8: NI;M | G8: NI;M | H8: 0 | I8: WI;L | J8: NI;M | K8: WI;VL | L8: NI;L | M8: WI;L
A9: DRI10 | B9: WI;H | C9: WI;M | D9: WI;M | E9: WI;L | F9: WI;L | G9: NI;L | H9: WI;M | I9: 0 | J9: VI;VH | K9: AI;H | L9: VI;VH | M9: AI;VH
A10: DRI11 | B10: VI;H | C10: NI;L | D10: NI;L | E10: NI;L | F10: NI;M | G10: NI;L | H10: AI;VH | I10: NI;M | J10: 0 | K10: AI;VH | L10: AI;VH | M10: VI;H
A11: DRI13 | B11: NI;M | C11: NI;L | D11: NI;H | E11: NI;M | F11: WI;M | G11: WI;L | H11: FI;M | I11: NI;L | J11: WI;VL | K11: 0 | L11: WI;M | M11: NI;L
A12: DRI14 | B12: NI;L | C12: NI;M | D12: NI;M | E12: NI;M | F12: WI;M | G12: WI;M | H12: NI;L | I12: WI;M | J12: NI;M | K12: WI;H | L12: 0 | M12: AI;VH
A13: DRI15 | B13: WI;M | C13: FI;M | D13: FI;M | E13: WI;M | F13: FI;M | G13: NI;M | H13: NI;M | I13: WI;L | J13: NI;L | K13: NI;M | L13: NI;VL | M13: 0
B15: DRI1 | C15: DRI3 | D15: DRI4 | E15: DRI5 | F15: DRI6 | G15: DRI7 | H15: DRI9 | I15: DRI10 | J15: DRI11 | K15: DRI13 | L15: DRI14 | M15: DRI15
A16: DRI1 | B16: =VLOOKUP(B2,'Thang đánh giá'!$C$2:$D$27,2,FALSE) -> (0; 0; 0) | C16: =VLOOKUP(C2,'Thang đánh giá'!$C$2:$D$27,2,FALSE) -> (0,1673; 0,251; 0,3347) | D16: =VLOOKUP(D2,'Thang đánh giá'!$C$2:$D$27,2,FALSE) -> (0,1897; 0,2846; 0,3795) | E16: =VLOOKUP(E2,'Thang đánh giá'!$C$2:$D$27,2,FALSE) -> (0; 0; 0,0707) | F16: =VLOOKUP(F2,'Thang đánh giá'!$C$2:$D$27,2,FALSE) -> (0; 0; 0,0707) | G16: =VLOOKUP(G2,'Thang đánh giá'!$C$2:$D$27,2,FALSE) -> (0; 0,0548; 0,1095) | H16: =VLOOKUP(H2,'Thang đánh giá'!$C$2:$D$27,2,FALSE) -> (0; 0; 0,0548) | I16: =VLOOKUP(I2,'Thang đánh giá'!$C$2:$D$27,2,FALSE) -> (0; 0; 0,0548) | ... M16: =VLOOKUP(M2,'Thang đánh giá'!$C$2:$D$27,2,FALSE) -> (0; 0,0707; 0,1414)
A17: DRI3 | B17: =VLOOKUP(B3,'Thang đánh giá'!$C$2:$D$27,2,FALSE) -> (0; 0,0316; 0,0632) | C17: =VLOOKUP(C3,'Thang đánh giá'!$C$2:$D$27,2,FALSE) -> (0; 0; 0) | D17: =VLOOKUP(D3,'Thang đánh giá'!$C$2:$D$27,2,FALSE) -> (0,251; 0,3347; 0,3347) | E17: =VLOOKUP(E3,'Thang đánh giá'!$C$2:$D$27,2,FALSE) -> (0,2846; 0,3795; 0,3795) | F17: =VLOOKUP(F3,'Thang đánh giá'!$C$2:$D$27,2,FALSE) -> (0,1673; 0,251; 0,3347) | G17: =VLOOKUP(G3,'Thang đánh giá'!$C$2:$D$27,2,FALSE) -> (0,251; 0,3347; 0,3347) | H17: =VLOOKUP(H3,'Thang đánh giá'!$C$2:$D$27,2,FALSE) -> (0,251; 0,3347; 0,3347) | I17: =VLOOKUP(I3,'Thang đánh giá'!$C$2:$D$27,2,FALSE) -> (0; 0,0707; 0,1414) | ... M17: =VLOOKUP(M3,'Thang đánh giá'!$C$2:$D$27,2,FALSE) -> (0,1897; 0,2846; 0,3795)
A18: DRI4 | B18: =VLOOKUP(B4,'Thang đánh giá'!$C$2:$D$27,2,FALSE) -> (0,0707; 0,1414; 0,2121) | C18: =VLOOKUP(C4,'Thang đánh giá'!$C$2:$D$27,2,FALSE) -> (0; 0; 0,0707) | D18: =VLOOKUP(D4,'Thang đánh giá'!$C$2:$D$27,2,FALSE) -> (0; 0; 0) | E18: =VLOOKUP(E4,'Thang đánh giá'!$C$2:$D$27,2,FALSE) -> (0,0837; 0,1673; 0,251) | F18: =VLOOKUP(F4,'Thang đánh giá'!$C$2:$D$27,2,FALSE) -> (0; 0,0707; 0,1414) | G18: =VLOOKUP(G4,'Thang đánh giá'!$C$2:$D$27,2,FALSE) -> (0; 0,0548; 0,1095) | H18: =VLOOKUP(H4,'Thang đánh giá'!$C$2:$D$27,2,FALSE) -> (0,0837; 0,1673; 0,251) | I18: =VLOOKUP(I4,'Thang đánh giá'!$C$2:$D$27,2,FALSE) -> (0; 0; 0,0707) | ... M18: =VLOOKUP(M4,'Thang đánh giá'!$C$2:$D$27,2,FALSE) -> (0,1897; 0,2846; 0,3795)
A19: DRI5 | B19: =VLOOKUP(B5,'Thang đánh giá'!$C$2:$D$27,2,FALSE) -> (0; 0,0707; 0,1414) | C19: =VLOOKUP(C5,'Thang đánh giá'!$C$2:$D$27,2,FALSE) -> (0; 0,0837; 0,1673) | D19: =VLOOKUP(D5,'Thang đánh giá'!$C$2:$D$27,2,FALSE) -> (0; 0; 0,0548) | E19: =VLOOKUP(E5,'Thang đánh giá'!$C$2:$D$27,2,FALSE) -> (0; 0; 0) | F19: =VLOOKUP(F5,'Thang đánh giá'!$C$2:$D$27,2,FALSE) -> (0,1673; 0,251; 0,3347) | G19: =VLOOKUP(G5,'Thang đánh giá'!$C$2:$D$27,2,FALSE) -> (0,0707; 0,1414; 0,2121) | H19: =VLOOKUP(H5,'Thang đánh giá'!$C$2:$D$27,2,FALSE) -> (0,1897; 0,2846; 0,3795) | I19: =VLOOKUP(I5,'Thang đánh giá'!$C$2:$D$27,2,FALSE) -> (0,0707; 0,1414; 0,2121) | ... M19: =VLOOKUP(M5,'Thang đánh giá'!$C$2:$D$27,2,FALSE) -> (0,2846; 0,3795; 0,3795)
A20: DRI6 | B20: =VLOOKUP(B6,'Thang đánh giá'!$C$2:$D$27,2,FALSE) -> (0; 0,0316; 0,0632) | C20: =VLOOKUP(C6,'Thang đánh giá'!$C$2:$D$27,2,FALSE) -> (0; 0,0707; 0,1414) | D20: =VLOOKUP(D6,'Thang đánh giá'!$C$2:$D$27,2,FALSE) -> (0; 0,0707; 0,1414) | E20: =VLOOKUP(E6,'Thang đánh giá'!$C$2:$D$27,2,FALSE) -> (0; 0,0707; 0,1414) | F20: =VLOOKUP(F6,'Thang đánh giá'!$C$2:$D$27,2,FALSE) -> (0; 0; 0) | G20: =VLOOKUP(G6,'Thang đánh giá'!$C$2:$D$27,2,FALSE) -> (0,0837; 0,1673; 0,251) | H20: =VLOOKUP(H6,'Thang đánh giá'!$C$2:$D$27,2,FALSE) -> (0; 0; 0,0548) | I20: =VLOOKUP(I6,'Thang đánh giá'!$C$2:$D$27,2,FALSE) -> (0; 0,0707; 0,1414) | ... M20: =VLOOKUP(M6,'Thang đánh giá'!$C$2:$D$27,2,FALSE) -> (0; 0,0707; 0,1414)
A21: DRI7 | B21: =VLOOKUP(B7,'Thang đánh giá'!$C$2:$D$27,2,FALSE) -> (0; 0; 0,0316) | C21: =VLOOKUP(C7,'Thang đánh giá'!$C$2:$D$27,2,FALSE) -> (0,0707; 0,1414; 0,2121) | D21: =VLOOKUP(D7,'Thang đánh giá'!$C$2:$D$27,2,FALSE) -> (0; 0; 0,0548) | E21: =VLOOKUP(E7,'Thang đánh giá'!$C$2:$D$27,2,FALSE) -> (0; 0; 0,0707) | F21: =VLOOKUP(F7,'Thang đánh giá'!$C$2:$D$27,2,FALSE) -> (0; 0; 0,0548) | G21: =VLOOKUP(G7,'Thang đánh giá'!$C$2:$D$27,2,FALSE) -> (0; 0; 0) | H21: =VLOOKUP(H7,'Thang đánh giá'!$C$2:$D$27,2,FALSE) -> (0; 0; 0,0548) | I21: =VLOOKUP(I7,'Thang đánh giá'!$C$2:$D$27,2,FALSE) -> (0; 0,0707; 0,1414) | ... M21: =VLOOKUP(M7,'Thang đánh giá'!$C$2:$D$27,2,FALSE) -> (0; 0; 0,0707)
A22: DRI9 | B22: =VLOOKUP(B8,'Thang đánh giá'!$C$2:$D$27,2,FALSE) -> (0; 0,0548; 0,1095) | C22: =VLOOKUP(C8,'Thang đánh giá'!$C$2:$D$27,2,FALSE) -> (0; 0,0707; 0,1414) | D22: =VLOOKUP(D8,'Thang đánh giá'!$C$2:$D$27,2,FALSE) -> (0; 0; 0,0707) | E22: =VLOOKUP(E8,'Thang đánh giá'!$C$2:$D$27,2,FALSE) -> (0; 0,0707; 0,1414) | F22: =VLOOKUP(F8,'Thang đánh giá'!$C$2:$D$27,2,FALSE) -> (0; 0; 0,0707) | G22: =VLOOKUP(G8,'Thang đánh giá'!$C$2:$D$27,2,FALSE) -> (0; 0; 0,0707) | H22: =VLOOKUP(H8,'Thang đánh giá'!$C$2:$D$27,2,FALSE) -> (0; 0; 0) | I22: =VLOOKUP(I8,'Thang đánh giá'!$C$2:$D$27,2,FALSE) -> (0; 0,0548; 0,1095) | ... M22: =VLOOKUP(M8,'Thang đánh giá'!$C$2:$D$27,2,FALSE) -> (0; 0,0548; 0,1095)
A23: DRI10 | B23: =VLOOKUP(B9,'Thang đánh giá'!$C$2:$D$27,2,FALSE) -> (0; 0,0837; 0,1673) | C23: =VLOOKUP(C9,'Thang đánh giá'!$C$2:$D$27,2,FALSE) -> (0; 0,0707; 0,1414) | D23: =VLOOKUP(D9,'Thang đánh giá'!$C$2:$D$27,2,FALSE) -> (0; 0,0707; 0,1414) | E23: =VLOOKUP(E9,'Thang đánh giá'!$C$2:$D$27,2,FALSE) -> (0; 0,0548; 0,1095) | F23: =VLOOKUP(F9,'Thang đánh giá'!$C$2:$D$27,2,FALSE) -> (0; 0,0548; 0,1095) | G23: =VLOOKUP(G9,'Thang đánh giá'!$C$2:$D$27,2,FALSE) -> (0; 0; 0,0548) | H23: =VLOOKUP(H9,'Thang đánh giá'!$C$2:$D$27,2,FALSE) -> (0; 0,0707; 0,1414) | I23: =VLOOKUP(I9,'Thang đánh giá'!$C$2:$D$27,2,FALSE) -> (0; 0; 0) | ... M23: =VLOOKUP(M9,'Thang đánh giá'!$C$2:$D$27,2,FALSE) -> (0,2846; 0,3795; 0,3795)
A24: DRI11 | B24: =VLOOKUP(B10,'Thang đánh giá'!$C$2:$D$27,2,FALSE) -> (0,1673; 0,251; 0,3347) | C24: =VLOOKUP(C10,'Thang đánh giá'!$C$2:$D$27,2,FALSE) -> (0; 0; 0,0548) | D24: =VLOOKUP(D10,'Thang đánh giá'!$C$2:$D$27,2,FALSE) -> (0; 0; 0,0548) | E24: =VLOOKUP(E10,'Thang đánh giá'!$C$2:$D$27,2,FALSE) -> (0; 0; 0,0548) | F24: =VLOOKUP(F10,'Thang đánh giá'!$C$2:$D$27,2,FALSE) -> (0; 0; 0,0707) | G24: =VLOOKUP(G10,'Thang đánh giá'!$C$2:$D$27,2,FALSE) -> (0; 0; 0,0548) | H24: =VLOOKUP(H10,'Thang đánh giá'!$C$2:$D$27,2,FALSE) -> (0,2846; 0,3795; 0,3795) | I24: =VLOOKUP(I10,'Thang đánh giá'!$C$2:$D$27,2,FALSE) -> (0; 0; 0,0707) | ... M24: =VLOOKUP(M10,'Thang đánh giá'!$C$2:$D$27,2,FALSE) -> (0,1673; 0,251; 0,3347)
A25: DRI13 | B25: =VLOOKUP(B11,'Thang đánh giá'!$C$2:$D$27,2,FALSE) -> (0; 0; 0,0707) | C25: =VLOOKUP(C11,'Thang đánh giá'!$C$2:$D$27,2,FALSE) -> (0; 0; 0,0548) | D25: =VLOOKUP(D11,'Thang đánh giá'!$C$2:$D$27,2,FALSE) -> (0; 0; 0,0837) | E25: =VLOOKUP(E11,'Thang đánh giá'!$C$2:$D$27,2,FALSE) -> (0; 0; 0,0707) | F25: =VLOOKUP(F11,'Thang đánh giá'!$C$2:$D$27,2,FALSE) -> (0; 0,0707; 0,1414) | G25: =VLOOKUP(G11,'Thang đánh giá'!$C$2:$D$27,2,FALSE) -> (0; 0,0548; 0,1095) | H25: =VLOOKUP(H11,'Thang đánh giá'!$C$2:$D$27,2,FALSE) -> (0,0707; 0,1414; 0,2121) | I25: =VLOOKUP(I11,'Thang đánh giá'!$C$2:$D$27,2,FALSE) -> (0; 0; 0,0548) | ... M25: =VLOOKUP(M11,'Thang đánh giá'!$C$2:$D$27,2,FALSE) -> (0; 0; 0,0548)
A26: DRI14 | B26: =VLOOKUP(B12,'Thang đánh giá'!$C$2:$D$27,2,FALSE) -> (0; 0; 0,0548) | C26: =VLOOKUP(C12,'Thang đánh giá'!$C$2:$D$27,2,FALSE) -> (0; 0; 0,0707) | D26: =VLOOKUP(D12,'Thang đánh giá'!$C$2:$D$27,2,FALSE) -> (0; 0; 0,0707) | E26: =VLOOKUP(E12,'Thang đánh giá'!$C$2:$D$27,2,FALSE) -> (0; 0; 0,0707) | F26: =VLOOKUP(F12,'Thang đánh giá'!$C$2:$D$27,2,FALSE) -> (0; 0,0707; 0,1414) | G26: =VLOOKUP(G12,'Thang đánh giá'!$C$2:$D$27,2,FALSE) -> (0; 0,0707; 0,1414) | H26: =VLOOKUP(H12,'Thang đánh giá'!$C$2:$D$27,2,FALSE) -> (0; 0; 0,0548) | I26: =VLOOKUP(I12,'Thang đánh giá'!$C$2:$D$27,2,FALSE) -> (0; 0,0707; 0,1414) | ... M26: =VLOOKUP(M12,'Thang đánh giá'!$C$2:$D$27,2,FALSE) -> (0,2846; 0,3795; 0,3795)
A27: DRI15 | B27: =VLOOKUP(B13,'Thang đánh giá'!$C$2:$D$27,2,FALSE) -> (0; 0,0707; 0,1414) | C27: =VLOOKUP(C13,'Thang đánh giá'!$C$2:$D$27,2,FALSE) -> (0,0707; 0,1414; 0,2121) | D27: =VLOOKUP(D13,'Thang đánh giá'!$C$2:$D$27,2,FALSE) -> (0,0707; 0,1414; 0,2121) | E27: =VLOOKUP(E13,'Thang đánh giá'!$C$2:$D$27,2,FALSE) -> (0; 0,0707; 0,1414) | F27: =VLOOKUP(F13,'Thang đánh giá'!$C$2:$D$27,2,FALSE) -> (0,0707; 0,1414; 0,2121) | G27: =VLOOKUP(G13,'Thang đánh giá'!$C$2:$D$27,2,FALSE) -> (0; 0; 0,0707) | H27: =VLOOKUP(H13,'Thang đánh giá'!$C$2:$D$27,2,FALSE) -> (0; 0; 0,0707) | I27: =VLOOKUP(I13,'Thang đánh giá'!$C$2:$D$27,2,FALSE) -> (0; 0,0548; 0,1095) | ... M27: =VLOOKUP(M13,'Thang đánh giá'!$C$2:$D$27,2,FALSE) -> (0; 0; 0)
A29: L | B29: DRI1 | C29: DRI3 | D29: DRI4 | E29: DRI5 | F29: DRI6 | G29: DRI7 | H29: DRI9 | I29: DRI10 | J29: DRI11 | K29: DRI13 | L29: DRI14 | M29: DRI15
A30: DRI1 | B30: =_xlfn.NUMBERVALUE(MID(B16,2,FIND(";",B16,1)-2)) -> 0 | C30: =_xlfn.NUMBERVALUE(MID(C16,2,FIND(";",C16,1)-2)) -> 0.1673 | D30: =_xlfn.NUMBERVALUE(MID(D16,2,FIND(";",D16,1)-2)) -> 0.1897 | E30: =_xlfn.NUMBERVALUE(MID(E16,2,FIND(";",E16,1)-2)) -> 0 | F30: =_xlfn.NUMBERVALUE(MID(F16,2,FIND(";",F16,1)-2)) -> 0 | G30: =_xlfn.NUMBERVALUE(MID(G16,2,FIND(";",G16,1)-2)) -> 0 | H30: =_xlfn.NUMBERVALUE(MID(H16,2,FIND(";",H16,1)-2)) -> 0 | I30: =_xlfn.NUMBERVALUE(MID(I16,2,FIND(";",I16,1)-2)) -> 0 | ... M30: =_xlfn.NUMBERVALUE(MID(M16,2,FIND(";",M16,1)-2)) -> 0
A31: DRI3 | B31: =_xlfn.NUMBERVALUE(MID(B17,2,FIND(";",B17,1)-2)) -> 0 | C31: =_xlfn.NUMBERVALUE(MID(C17,2,FIND(";",C17,1)-2)) -> 0 | D31: =_xlfn.NUMBERVALUE(MID(D17,2,FIND(";",D17,1)-2)) -> 0.251 | E31: =_xlfn.NUMBERVALUE(MID(E17,2,FIND(";",E17,1)-2)) -> 0.2846 | F31: =_xlfn.NUMBERVALUE(MID(F17,2,FIND(";",F17,1)-2)) -> 0.1673 | G31: =_xlfn.NUMBERVALUE(MID(G17,2,FIND(";",G17,1)-2)) -> 0.251 | H31: =_xlfn.NUMBERVALUE(MID(H17,2,FIND(";",H17,1)-2)) -> 0.251 | I31: =_xlfn.NUMBERVALUE(MID(I17,2,FIND(";",I17,1)-2)) -> 0 | ... M31: =_xlfn.NUMBERVALUE(MID(M17,2,FIND(";",M17,1)-2)) -> 0.1897
A32: DRI4 | B32: =_xlfn.NUMBERVALUE(MID(B18,2,FIND(";",B18,1)-2)) -> 0.0707 | C32: =_xlfn.NUMBERVALUE(MID(C18,2,FIND(";",C18,1)-2)) -> 0 | D32: =_xlfn.NUMBERVALUE(MID(D18,2,FIND(";",D18,1)-2)) -> 0 | E32: =_xlfn.NUMBERVALUE(MID(E18,2,FIND(";",E18,1)-2)) -> 0.0837 | F32: =_xlfn.NUMBERVALUE(MID(F18,2,FIND(";",F18,1)-2)) -> 0 | G32: =_xlfn.NUMBERVALUE(MID(G18,2,FIND(";",G18,1)-2)) -> 0 | H32: =_xlfn.NUMBERVALUE(MID(H18,2,FIND(";",H18,1)-2)) -> 0.0837 | I32: =_xlfn.NUMBERVALUE(MID(I18,2,FIND(";",I18,1)-2)) -> 0 | ... M32: =_xlfn.NUMBERVALUE(MID(M18,2,FIND(";",M18,1)-2)) -> 0.1897
A33: DRI5 | B33: =_xlfn.NUMBERVALUE(MID(B19,2,FIND(";",B19,1)-2)) -> 0 | C33: =_xlfn.NUMBERVALUE(MID(C19,2,FIND(";",C19,1)-2)) -> 0 | D33: =_xlfn.NUMBERVALUE(MID(D19,2,FIND(";",D19,1)-2)) -> 0 | E33: =_xlfn.NUMBERVALUE(MID(E19,2,FIND(";",E19,1)-2)) -> 0 | F33: =_xlfn.NUMBERVALUE(MID(F19,2,FIND(";",F19,1)-2)) -> 0.1673 | G33: =_xlfn.NUMBERVALUE(MID(G19,2,FIND(";",G19,1)-2)) -> 0.0707 | H33: =_xlfn.NUMBERVALUE(MID(H19,2,FIND(";",H19,1)-2)) -> 0.1897 | I33: =_xlfn.NUMBERVALUE(MID(I19,2,FIND(";",I19,1)-2)) -> 0.0707 | ... M33: =_xlfn.NUMBERVALUE(MID(M19,2,FIND(";",M19,1)-2)) -> 0.2846
A34: DRI6 | B34: =_xlfn.NUMBERVALUE(MID(B20,2,FIND(";",B20,1)-2)) -> 0 | C34: =_xlfn.NUMBERVALUE(MID(C20,2,FIND(";",C20,1)-2)) -> 0 | D34: =_xlfn.NUMBERVALUE(MID(D20,2,FIND(";",D20,1)-2)) -> 0 | E34: =_xlfn.NUMBERVALUE(MID(E20,2,FIND(";",E20,1)-2)) -> 0 | F34: =_xlfn.NUMBERVALUE(MID(F20,2,FIND(";",F20,1)-2)) -> 0 | G34: =_xlfn.NUMBERVALUE(MID(G20,2,FIND(";",G20,1)-2)) -> 0.0837 | H34: =_xlfn.NUMBERVALUE(MID(H20,2,FIND(";",H20,1)-2)) -> 0 | I34: =_xlfn.NUMBERVALUE(MID(I20,2,FIND(";",I20,1)-2)) -> 0 | ... M34: =_xlfn.NUMBERVALUE(MID(M20,2,FIND(";",M20,1)-2)) -> 0
A35: DRI7 | B35: =_xlfn.NUMBERVALUE(MID(B21,2,FIND(";",B21,1)-2)) -> 0 | C35: =_xlfn.NUMBERVALUE(MID(C21,2,FIND(";",C21,1)-2)) -> 0.0707 | D35: =_xlfn.NUMBERVALUE(MID(D21,2,FIND(";",D21,1)-2)) -> 0 | E35: =_xlfn.NUMBERVALUE(MID(E21,2,FIND(";",E21,1)-2)) -> 0 | F35: =_xlfn.NUMBERVALUE(MID(F21,2,FIND(";",F21,1)-2)) -> 0 | G35: =_xlfn.NUMBERVALUE(MID(G21,2,FIND(";",G21,1)-2)) -> 0 | H35: =_xlfn.NUMBERVALUE(MID(H21,2,FIND(";",H21,1)-2)) -> 0 | I35: =_xlfn.NUMBERVALUE(MID(I21,2,FIND(";",I21,1)-2)) -> 0 | ... M35: =_xlfn.NUMBERVALUE(MID(M21,2,FIND(";",M21,1)-2)) -> 0
A36: DRI9 | B36: =_xlfn.NUMBERVALUE(MID(B22,2,FIND(";",B22,1)-2)) -> 0 | C36: =_xlfn.NUMBERVALUE(MID(C22,2,FIND(";",C22,1)-2)) -> 0 | D36: =_xlfn.NUMBERVALUE(MID(D22,2,FIND(";",D22,1)-2)) -> 0 | E36: =_xlfn.NUMBERVALUE(MID(E22,2,FIND(";",E22,1)-2)) -> 0 | F36: =_xlfn.NUMBERVALUE(MID(F22,2,FIND(";",F22,1)-2)) -> 0 | G36: =_xlfn.NUMBERVALUE(MID(G22,2,FIND(";",G22,1)-2)) -> 0 | H36: =_xlfn.NUMBERVALUE(MID(H22,2,FIND(";",H22,1)-2)) -> 0 | I36: =_xlfn.NUMBERVALUE(MID(I22,2,FIND(";",I22,1)-2)) -> 0 | ... M36: =_xlfn.NUMBERVALUE(MID(M22,2,FIND(";",M22,1)-2)) -> 0
A37: DRI10 | B37: =_xlfn.NUMBERVALUE(MID(B23,2,FIND(";",B23,1)-2)) -> 0 | C37: =_xlfn.NUMBERVALUE(MID(C23,2,FIND(";",C23,1)-2)) -> 0 | D37: =_xlfn.NUMBERVALUE(MID(D23,2,FIND(";",D23,1)-2)) -> 0 | E37: =_xlfn.NUMBERVALUE(MID(E23,2,FIND(";",E23,1)-2)) -> 0 | F37: =_xlfn.NUMBERVALUE(MID(F23,2,FIND(";",F23,1)-2)) -> 0 | G37: =_xlfn.NUMBERVALUE(MID(G23,2,FIND(";",G23,1)-2)) -> 0 | H37: =_xlfn.NUMBERVALUE(MID(H23,2,FIND(";",H23,1)-2)) -> 0 | I37: =_xlfn.NUMBERVALUE(MID(I23,2,FIND(";",I23,1)-2)) -> 0 | ... M37: =_xlfn.NUMBERVALUE(MID(M23,2,FIND(";",M23,1)-2)) -> 0.2846
A38: DRI11 | B38: =_xlfn.NUMBERVALUE(MID(B24,2,FIND(";",B24,1)-2)) -> 0.1673 | C38: =_xlfn.NUMBERVALUE(MID(C24,2,FIND(";",C24,1)-2)) -> 0 | D38: =_xlfn.NUMBERVALUE(MID(D24,2,FIND(";",D24,1)-2)) -> 0 | E38: =_xlfn.NUMBERVALUE(MID(E24,2,FIND(";",E24,1)-2)) -> 0 | F38: =_xlfn.NUMBERVALUE(MID(F24,2,FIND(";",F24,1)-2)) -> 0 | G38: =_xlfn.NUMBERVALUE(MID(G24,2,FIND(";",G24,1)-2)) -> 0 | H38: =_xlfn.NUMBERVALUE(MID(H24,2,FIND(";",H24,1)-2)) -> 0.2846 | I38: =_xlfn.NUMBERVALUE(MID(I24,2,FIND(";",I24,1)-2)) -> 0 | ... M38: =_xlfn.NUMBERVALUE(MID(M24,2,FIND(";",M24,1)-2)) -> 0.1673
A39: DRI13 | B39: =_xlfn.NUMBERVALUE(MID(B25,2,FIND(";",B25,1)-2)) -> 0 | C39: =_xlfn.NUMBERVALUE(MID(C25,2,FIND(";",C25,1)-2)) -> 0 | D39: =_xlfn.NUMBERVALUE(MID(D25,2,FIND(";",D25,1)-2)) -> 0 | E39: =_xlfn.NUMBERVALUE(MID(E25,2,FIND(";",E25,1)-2)) -> 0 | F39: =_xlfn.NUMBERVALUE(MID(F25,2,FIND(";",F25,1)-2)) -> 0 | G39: =_xlfn.NUMBERVALUE(MID(G25,2,FIND(";",G25,1)-2)) -> 0 | H39: =_xlfn.NUMBERVALUE(MID(H25,2,FIND(";",H25,1)-2)) -> 0.0707 | I39: =_xlfn.NUMBERVALUE(MID(I25,2,FIND(";",I25,1)-2)) -> 0 | ... M39: =_xlfn.NUMBERVALUE(MID(M25,2,FIND(";",M25,1)-2)) -> 0
A40: DRI14 | B40: =_xlfn.NUMBERVALUE(MID(B26,2,FIND(";",B26,1)-2)) -> 0 | C40: =_xlfn.NUMBERVALUE(MID(C26,2,FIND(";",C26,1)-2)) -> 0 | D40: =_xlfn.NUMBERVALUE(MID(D26,2,FIND(";",D26,1)-2)) -> 0 | E40: =_xlfn.NUMBERVALUE(MID(E26,2,FIND(";",E26,1)-2)) -> 0 | F40: =_xlfn.NUMBERVALUE(MID(F26,2,FIND(";",F26,1)-2)) -> 0 | G40: =_xlfn.NUMBERVALUE(MID(G26,2,FIND(";",G26,1)-2)) -> 0 | H40: =_xlfn.NUMBERVALUE(MID(H26,2,FIND(";",H26,1)-2)) -> 0 | I40: =_xlfn.NUMBERVALUE(MID(I26,2,FIND(";",I26,1)-2)) -> 0 | ... M40: =_xlfn.NUMBERVALUE(MID(M26,2,FIND(";",M26,1)-2)) -> 0.2846
A41: DRI15 | B41: =_xlfn.NUMBERVALUE(MID(B27,2,FIND(";",B27,1)-2)) -> 0 | C41: =_xlfn.NUMBERVALUE(MID(C27,2,FIND(";",C27,1)-2)) -> 0.0707 | D41: =_xlfn.NUMBERVALUE(MID(D27,2,FIND(";",D27,1)-2)) -> 0.0707 | E41: =_xlfn.NUMBERVALUE(MID(E27,2,FIND(";",E27,1)-2)) -> 0 | F41: =_xlfn.NUMBERVALUE(MID(F27,2,FIND(";",F27,1)-2)) -> 0.0707 | G41: =_xlfn.NUMBERVALUE(MID(G27,2,FIND(";",G27,1)-2)) -> 0 | H41: =_xlfn.NUMBERVALUE(MID(H27,2,FIND(";",H27,1)-2)) -> 0 | I41: =_xlfn.NUMBERVALUE(MID(I27,2,FIND(";",I27,1)-2)) -> 0 | ... M41: =_xlfn.NUMBERVALUE(MID(M27,2,FIND(";",M27,1)-2)) -> 0
A43: M | B43: DRI1 | C43: DRI3 | D43: DRI4 | E43: DRI5 | F43: DRI6 | G43: DRI7 | H43: DRI9 | I43: DRI10 | J43: DRI11 | K43: DRI13 | L43: DRI14 | M43: DRI15
A44: DRI1 | B44: =_xlfn.NUMBERVALUE(MID(B16,FIND(";",B16,1)+1,FIND(";",B16,FIND(";",B16,1)+1)-FIND(";",B16,1)-1)) -> 0 | C44: =_xlfn.NUMBERVALUE(MID(C16,FIND(";",C16,1)+1,FIND(";",C16,FIND(";",C16,1)+1)-FIND(";",C16,1)-1)) -> 0.251 | D44: =_xlfn.NUMBERVALUE(MID(D16,FIND(";",D16,1)+1,FIND(";",D16,FIND(";",D16,1)+1)-FIND(";",D16,1)-1)) -> 0.2846 | E44: =_xlfn.NUMBERVALUE(MID(E16,FIND(";",E16,1)+1,FIND(";",E16,FIND(";",E16,1)+1)-FIND(";",E16,1)-1)) -> 0 | F44: =_xlfn.NUMBERVALUE(MID(F16,FIND(";",F16,1)+1,FIND(";",F16,FIND(";",F16,1)+1)-FIND(";",F16,1)-1)) -> 0 | G44: =_xlfn.NUMBERVALUE(MID(G16,FIND(";",G16,1)+1,FIND(";",G16,FIND(";",G16,1)+1)-FIND(";",G16,1)-1)) -> 0.0548 | H44: =_xlfn.NUMBERVALUE(MID(H16,FIND(";",H16,1)+1,FIND(";",H16,FIND(";",H16,1)+1)-FIND(";",H16,1)-1)) -> 0 | I44: =_xlfn.NUMBERVALUE(MID(I16,FIND(";",I16,1)+1,FIND(";",I16,FIND(";",I16,1)+1)-FIND(";",I16,1)-1)) -> 0 | ... M44: =_xlfn.NUMBERVALUE(MID(M16,FIND(";",M16,1)+1,FIND(";",M16,FIND(";",M16,1)+1)-FIND(";",M16,1)-1)) -> 0.0707
A45: DRI3 | B45: =_xlfn.NUMBERVALUE(MID(B17,FIND(";",B17,1)+1,FIND(";",B17,FIND(";",B17,1)+1)-FIND(";",B17,1)-1)) -> 0.0316 | C45: =_xlfn.NUMBERVALUE(MID(C17,FIND(";",C17,1)+1,FIND(";",C17,FIND(";",C17,1)+1)-FIND(";",C17,1)-1)) -> 0 | D45: =_xlfn.NUMBERVALUE(MID(D17,FIND(";",D17,1)+1,FIND(";",D17,FIND(";",D17,1)+1)-FIND(";",D17,1)-1)) -> 0.3347 | E45: =_xlfn.NUMBERVALUE(MID(E17,FIND(";",E17,1)+1,FIND(";",E17,FIND(";",E17,1)+1)-FIND(";",E17,1)-1)) -> 0.3795 | F45: =_xlfn.NUMBERVALUE(MID(F17,FIND(";",F17,1)+1,FIND(";",F17,FIND(";",F17,1)+1)-FIND(";",F17,1)-1)) -> 0.251 | G45: =_xlfn.NUMBERVALUE(MID(G17,FIND(";",G17,1)+1,FIND(";",G17,FIND(";",G17,1)+1)-FIND(";",G17,1)-1)) -> 0.3347 | H45: =_xlfn.NUMBERVALUE(MID(H17,FIND(";",H17,1)+1,FIND(";",H17,FIND(";",H17,1)+1)-FIND(";",H17,1)-1)) -> 0.3347 | I45: =_xlfn.NUMBERVALUE(MID(I17,FIND(";",I17,1)+1,FIND(";",I17,FIND(";",I17,1)+1)-FIND(";",I17,1)-1)) -> 0.0707 | ... M45: =_xlfn.NUMBERVALUE(MID(M17,FIND(";",M17,1)+1,FIND(";",M17,FIND(";",M17,1)+1)-FIND(";",M17,1)-1)) -> 0.2846
A46: DRI4 | B46: =_xlfn.NUMBERVALUE(MID(B18,FIND(";",B18,1)+1,FIND(";",B18,FIND(";",B18,1)+1)-FIND(";",B18,1)-1)) -> 0.1414 | C46: =_xlfn.NUMBERVALUE(MID(C18,FIND(";",C18,1)+1,FIND(";",C18,FIND(";",C18,1)+1)-FIND(";",C18,1)-1)) -> 0 | D46: =_xlfn.NUMBERVALUE(MID(D18,FIND(";",D18,1)+1,FIND(";",D18,FIND(";",D18,1)+1)-FIND(";",D18,1)-1)) -> 0 | E46: =_xlfn.NUMBERVALUE(MID(E18,FIND(";",E18,1)+1,FIND(";",E18,FIND(";",E18,1)+1)-FIND(";",E18,1)-1)) -> 0.1673 | F46: =_xlfn.NUMBERVALUE(MID(F18,FIND(";",F18,1)+1,FIND(";",F18,FIND(";",F18,1)+1)-FIND(";",F18,1)-1)) -> 0.0707 | G46: =_xlfn.NUMBERVALUE(MID(G18,FIND(";",G18,1)+1,FIND(";",G18,FIND(";",G18,1)+1)-FIND(";",G18,1)-1)) -> 0.0548 | H46: =_xlfn.NUMBERVALUE(MID(H18,FIND(";",H18,1)+1,FIND(";",H18,FIND(";",H18,1)+1)-FIND(";",H18,1)-1)) -> 0.1673 | I46: =_xlfn.NUMBERVALUE(MID(I18,FIND(";",I18,1)+1,FIND(";",I18,FIND(";",I18,1)+1)-FIND(";",I18,1)-1)) -> 0 | ... M46: =_xlfn.NUMBERVALUE(MID(M18,FIND(";",M18,1)+1,FIND(";",M18,FIND(";",M18,1)+1)-FIND(";",M18,1)-1)) -> 0.2846
A47: DRI5 | B47: =_xlfn.NUMBERVALUE(MID(B19,FIND(";",B19,1)+1,FIND(";",B19,FIND(";",B19,1)+1)-FIND(";",B19,1)-1)) -> 0.0707 | C47: =_xlfn.NUMBERVALUE(MID(C19,FIND(";",C19,1)+1,FIND(";",C19,FIND(";",C19,1)+1)-FIND(";",C19,1)-1)) -> 0.0837 | D47: =_xlfn.NUMBERVALUE(MID(D19,FIND(";",D19,1)+1,FIND(";",D19,FIND(";",D19,1)+1)-FIND(";",D19,1)-1)) -> 0 | E47: =_xlfn.NUMBERVALUE(MID(E19,FIND(";",E19,1)+1,FIND(";",E19,FIND(";",E19,1)+1)-FIND(";",E19,1)-1)) -> 0 | F47: =_xlfn.NUMBERVALUE(MID(F19,FIND(";",F19,1)+1,FIND(";",F19,FIND(";",F19,1)+1)-FIND(";",F19,1)-1)) -> 0.251 | G47: =_xlfn.NUMBERVALUE(MID(G19,FIND(";",G19,1)+1,FIND(";",G19,FIND(";",G19,1)+1)-FIND(";",G19,1)-1)) -> 0.1414 | H47: =_xlfn.NUMBERVALUE(MID(H19,FIND(";",H19,1)+1,FIND(";",H19,FIND(";",H19,1)+1)-FIND(";",H19,1)-1)) -> 0.2846 | I47: =_xlfn.NUMBERVALUE(MID(I19,FIND(";",I19,1)+1,FIND(";",I19,FIND(";",I19,1)+1)-FIND(";",I19,1)-1)) -> 0.1414 | ... M47: =_xlfn.NUMBERVALUE(MID(M19,FIND(";",M19,1)+1,FIND(";",M19,FIND(";",M19,1)+1)-FIND(";",M19,1)-1)) -> 0.3795
A48: DRI6 | B48: =_xlfn.NUMBERVALUE(MID(B20,FIND(";",B20,1)+1,FIND(";",B20,FIND(";",B20,1)+1)-FIND(";",B20,1)-1)) -> 0.0316 | C48: =_xlfn.NUMBERVALUE(MID(C20,FIND(";",C20,1)+1,FIND(";",C20,FIND(";",C20,1)+1)-FIND(";",C20,1)-1)) -> 0.0707 | D48: =_xlfn.NUMBERVALUE(MID(D20,FIND(";",D20,1)+1,FIND(";",D20,FIND(";",D20,1)+1)-FIND(";",D20,1)-1)) -> 0.0707 | E48: =_xlfn.NUMBERVALUE(MID(E20,FIND(";",E20,1)+1,FIND(";",E20,FIND(";",E20,1)+1)-FIND(";",E20,1)-1)) -> 0.0707 | F48: =_xlfn.NUMBERVALUE(MID(F20,FIND(";",F20,1)+1,FIND(";",F20,FIND(";",F20,1)+1)-FIND(";",F20,1)-1)) -> 0 | G48: =_xlfn.NUMBERVALUE(MID(G20,FIND(";",G20,1)+1,FIND(";",G20,FIND(";",G20,1)+1)-FIND(";",G20,1)-1)) -> 0.1673 | H48: =_xlfn.NUMBERVALUE(MID(H20,FIND(";",H20,1)+1,FIND(";",H20,FIND(";",H20,1)+1)-FIND(";",H20,1)-1)) -> 0 | I48: =_xlfn.NUMBERVALUE(MID(I20,FIND(";",I20,1)+1,FIND(";",I20,FIND(";",I20,1)+1)-FIND(";",I20,1)-1)) -> 0.0707 | ... M48: =_xlfn.NUMBERVALUE(MID(M20,FIND(";",M20,1)+1,FIND(";",M20,FIND(";",M20,1)+1)-FIND(";",M20,1)-1)) -> 0.0707
A49: DRI7 | B49: =_xlfn.NUMBERVALUE(MID(B21,FIND(";",B21,1)+1,FIND(";",B21,FIND(";",B21,1)+1)-FIND(";",B21,1)-1)) -> 0 | C49: =_xlfn.NUMBERVALUE(MID(C21,FIND(";",C21,1)+1,FIND(";",C21,FIND(";",C21,1)+1)-FIND(";",C21,1)-1)) -> 0.1414 | D49: =_xlfn.NUMBERVALUE(MID(D21,FIND(";",D21,1)+1,FIND(";",D21,FIND(";",D21,1)+1)-FIND(";",D21,1)-1)) -> 0 | E49: =_xlfn.NUMBERVALUE(MID(E21,FIND(";",E21,1)+1,FIND(";",E21,FIND(";",E21,1)+1)-FIND(";",E21,1)-1)) -> 0 | F49: =_xlfn.NUMBERVALUE(MID(F21,FIND(";",F21,1)+1,FIND(";",F21,FIND(";",F21,1)+1)-FIND(";",F21,1)-1)) -> 0 | G49: =_xlfn.NUMBERVALUE(MID(G21,FIND(";",G21,1)+1,FIND(";",G21,FIND(";",G21,1)+1)-FIND(";",G21,1)-1)) -> 0 | H49: =_xlfn.NUMBERVALUE(MID(H21,FIND(";",H21,1)+1,FIND(";",H21,FIND(";",H21,1)+1)-FIND(";",H21,1)-1)) -> 0 | I49: =_xlfn.NUMBERVALUE(MID(I21,FIND(";",I21,1)+1,FIND(";",I21,FIND(";",I21,1)+1)-FIND(";",I21,1)-1)) -> 0.0707 | ... M49: =_xlfn.NUMBERVALUE(MID(M21,FIND(";",M21,1)+1,FIND(";",M21,FIND(";",M21,1)+1)-FIND(";",M21,1)-1)) -> 0
A50: DRI9 | B50: =_xlfn.NUMBERVALUE(MID(B22,FIND(";",B22,1)+1,FIND(";",B22,FIND(";",B22,1)+1)-FIND(";",B22,1)-1)) -> 0.0548 | C50: =_xlfn.NUMBERVALUE(MID(C22,FIND(";",C22,1)+1,FIND(";",C22,FIND(";",C22,1)+1)-FIND(";",C22,1)-1)) -> 0.0707 | D50: =_xlfn.NUMBERVALUE(MID(D22,FIND(";",D22,1)+1,FIND(";",D22,FIND(";",D22,1)+1)-FIND(";",D22,1)-1)) -> 0 | E50: =_xlfn.NUMBERVALUE(MID(E22,FIND(";",E22,1)+1,FIND(";",E22,FIND(";",E22,1)+1)-FIND(";",E22,1)-1)) -> 0.0707 | F50: =_xlfn.NUMBERVALUE(MID(F22,FIND(";",F22,1)+1,FIND(";",F22,FIND(";",F22,1)+1)-FIND(";",F22,1)-1)) -> 0 | G50: =_xlfn.NUMBERVALUE(MID(G22,FIND(";",G22,1)+1,FIND(";",G22,FIND(";",G22,1)+1)-FIND(";",G22,1)-1)) -> 0 | H50: =_xlfn.NUMBERVALUE(MID(H22,FIND(";",H22,1)+1,FIND(";",H22,FIND(";",H22,1)+1)-FIND(";",H22,1)-1)) -> 0 | I50: =_xlfn.NUMBERVALUE(MID(I22,FIND(";",I22,1)+1,FIND(";",I22,FIND(";",I22,1)+1)-FIND(";",I22,1)-1)) -> 0.0548 | ... M50: =_xlfn.NUMBERVALUE(MID(M22,FIND(";",M22,1)+1,FIND(";",M22,FIND(";",M22,1)+1)-FIND(";",M22,1)-1)) -> 0.0548
A51: DRI10 | B51: =_xlfn.NUMBERVALUE(MID(B23,FIND(";",B23,1)+1,FIND(";",B23,FIND(";",B23,1)+1)-FIND(";",B23,1)-1)) -> 0.0837 | C51: =_xlfn.NUMBERVALUE(MID(C23,FIND(";",C23,1)+1,FIND(";",C23,FIND(";",C23,1)+1)-FIND(";",C23,1)-1)) -> 0.0707 | D51: =_xlfn.NUMBERVALUE(MID(D23,FIND(";",D23,1)+1,FIND(";",D23,FIND(";",D23,1)+1)-FIND(";",D23,1)-1)) -> 0.0707 | E51: =_xlfn.NUMBERVALUE(MID(E23,FIND(";",E23,1)+1,FIND(";",E23,FIND(";",E23,1)+1)-FIND(";",E23,1)-1)) -> 0.0548 | F51: =_xlfn.NUMBERVALUE(MID(F23,FIND(";",F23,1)+1,FIND(";",F23,FIND(";",F23,1)+1)-FIND(";",F23,1)-1)) -> 0.0548 | G51: =_xlfn.NUMBERVALUE(MID(G23,FIND(";",G23,1)+1,FIND(";",G23,FIND(";",G23,1)+1)-FIND(";",G23,1)-1)) -> 0 | H51: =_xlfn.NUMBERVALUE(MID(H23,FIND(";",H23,1)+1,FIND(";",H23,FIND(";",H23,1)+1)-FIND(";",H23,1)-1)) -> 0.0707 | I51: =_xlfn.NUMBERVALUE(MID(I23,FIND(";",I23,1)+1,FIND(";",I23,FIND(";",I23,1)+1)-FIND(";",I23,1)-1)) -> 0 | ... M51: =_xlfn.NUMBERVALUE(MID(M23,FIND(";",M23,1)+1,FIND(";",M23,FIND(";",M23,1)+1)-FIND(";",M23,1)-1)) -> 0.3795
A52: DRI11 | B52: =_xlfn.NUMBERVALUE(MID(B24,FIND(";",B24,1)+1,FIND(";",B24,FIND(";",B24,1)+1)-FIND(";",B24,1)-1)) -> 0.251 | C52: =_xlfn.NUMBERVALUE(MID(C24,FIND(";",C24,1)+1,FIND(";",C24,FIND(";",C24,1)+1)-FIND(";",C24,1)-1)) -> 0 | D52: =_xlfn.NUMBERVALUE(MID(D24,FIND(";",D24,1)+1,FIND(";",D24,FIND(";",D24,1)+1)-FIND(";",D24,1)-1)) -> 0 | E52: =_xlfn.NUMBERVALUE(MID(E24,FIND(";",E24,1)+1,FIND(";",E24,FIND(";",E24,1)+1)-FIND(";",E24,1)-1)) -> 0 | F52: =_xlfn.NUMBERVALUE(MID(F24,FIND(";",F24,1)+1,FIND(";",F24,FIND(";",F24,1)+1)-FIND(";",F24,1)-1)) -> 0 | G52: =_xlfn.NUMBERVALUE(MID(G24,FIND(";",G24,1)+1,FIND(";",G24,FIND(";",G24,1)+1)-FIND(";",G24,1)-1)) -> 0 | H52: =_xlfn.NUMBERVALUE(MID(H24,FIND(";",H24,1)+1,FIND(";",H24,FIND(";",H24,1)+1)-FIND(";",H24,1)-1)) -> 0.3795 | I52: =_xlfn.NUMBERVALUE(MID(I24,FIND(";",I24,1)+1,FIND(";",I24,FIND(";",I24,1)+1)-FIND(";",I24,1)-1)) -> 0 | ... M52: =_xlfn.NUMBERVALUE(MID(M24,FIND(";",M24,1)+1,FIND(";",M24,FIND(";",M24,1)+1)-FIND(";",M24,1)-1)) -> 0.251
A53: DRI13 | B53: =_xlfn.NUMBERVALUE(MID(B25,FIND(";",B25,1)+1,FIND(";",B25,FIND(";",B25,1)+1)-FIND(";",B25,1)-1)) -> 0 | C53: =_xlfn.NUMBERVALUE(MID(C25,FIND(";",C25,1)+1,FIND(";",C25,FIND(";",C25,1)+1)-FIND(";",C25,1)-1)) -> 0 | D53: =_xlfn.NUMBERVALUE(MID(D25,FIND(";",D25,1)+1,FIND(";",D25,FIND(";",D25,1)+1)-FIND(";",D25,1)-1)) -> 0 | E53: =_xlfn.NUMBERVALUE(MID(E25,FIND(";",E25,1)+1,FIND(";",E25,FIND(";",E25,1)+1)-FIND(";",E25,1)-1)) -> 0 | F53: =_xlfn.NUMBERVALUE(MID(F25,FIND(";",F25,1)+1,FIND(";",F25,FIND(";",F25,1)+1)-FIND(";",F25,1)-1)) -> 0.0707 | G53: =_xlfn.NUMBERVALUE(MID(G25,FIND(";",G25,1)+1,FIND(";",G25,FIND(";",G25,1)+1)-FIND(";",G25,1)-1)) -> 0.0548 | H53: =_xlfn.NUMBERVALUE(MID(H25,FIND(";",H25,1)+1,FIND(";",H25,FIND(";",H25,1)+1)-FIND(";",H25,1)-1)) -> 0.1414 | I53: =_xlfn.NUMBERVALUE(MID(I25,FIND(";",I25,1)+1,FIND(";",I25,FIND(";",I25,1)+1)-FIND(";",I25,1)-1)) -> 0 | ... M53: =_xlfn.NUMBERVALUE(MID(M25,FIND(";",M25,1)+1,FIND(";",M25,FIND(";",M25,1)+1)-FIND(";",M25,1)-1)) -> 0
A54: DRI14 | B54: =_xlfn.NUMBERVALUE(MID(B26,FIND(";",B26,1)+1,FIND(";",B26,FIND(";",B26,1)+1)-FIND(";",B26,1)-1)) -> 0 | C54: =_xlfn.NUMBERVALUE(MID(C26,FIND(";",C26,1)+1,FIND(";",C26,FIND(";",C26,1)+1)-FIND(";",C26,1)-1)) -> 0 | D54: =_xlfn.NUMBERVALUE(MID(D26,FIND(";",D26,1)+1,FIND(";",D26,FIND(";",D26,1)+1)-FIND(";",D26,1)-1)) -> 0 | E54: =_xlfn.NUMBERVALUE(MID(E26,FIND(";",E26,1)+1,FIND(";",E26,FIND(";",E26,1)+1)-FIND(";",E26,1)-1)) -> 0 | F54: =_xlfn.NUMBERVALUE(MID(F26,FIND(";",F26,1)+1,FIND(";",F26,FIND(";",F26,1)+1)-FIND(";",F26,1)-1)) -> 0.0707 | G54: =_xlfn.NUMBERVALUE(MID(G26,FIND(";",G26,1)+1,FIND(";",G26,FIND(";",G26,1)+1)-FIND(";",G26,1)-1)) -> 0.0707 | H54: =_xlfn.NUMBERVALUE(MID(H26,FIND(";",H26,1)+1,FIND(";",H26,FIND(";",H26,1)+1)-FIND(";",H26,1)-1)) -> 0 | I54: =_xlfn.NUMBERVALUE(MID(I26,FIND(";",I26,1)+1,FIND(";",I26,FIND(";",I26,1)+1)-FIND(";",I26,1)-1)) -> 0.0707 | ... M54: =_xlfn.NUMBERVALUE(MID(M26,FIND(";",M26,1)+1,FIND(";",M26,FIND(";",M26,1)+1)-FIND(";",M26,1)-1)) -> 0.3795
A55: DRI15 | B55: =_xlfn.NUMBERVALUE(MID(B27,FIND(";",B27,1)+1,FIND(";",B27,FIND(";",B27,1)+1)-FIND(";",B27,1)-1)) -> 0.0707 | C55: =_xlfn.NUMBERVALUE(MID(C27,FIND(";",C27,1)+1,FIND(";",C27,FIND(";",C27,1)+1)-FIND(";",C27,1)-1)) -> 0.1414 | D55: =_xlfn.NUMBERVALUE(MID(D27,FIND(";",D27,1)+1,FIND(";",D27,FIND(";",D27,1)+1)-FIND(";",D27,1)-1)) -> 0.1414 | E55: =_xlfn.NUMBERVALUE(MID(E27,FIND(";",E27,1)+1,FIND(";",E27,FIND(";",E27,1)+1)-FIND(";",E27,1)-1)) -> 0.0707 | F55: =_xlfn.NUMBERVALUE(MID(F27,FIND(";",F27,1)+1,FIND(";",F27,FIND(";",F27,1)+1)-FIND(";",F27,1)-1)) -> 0.1414 | G55: =_xlfn.NUMBERVALUE(MID(G27,FIND(";",G27,1)+1,FIND(";",G27,FIND(";",G27,1)+1)-FIND(";",G27,1)-1)) -> 0 | H55: =_xlfn.NUMBERVALUE(MID(H27,FIND(";",H27,1)+1,FIND(";",H27,FIND(";",H27,1)+1)-FIND(";",H27,1)-1)) -> 0 | I55: =_xlfn.NUMBERVALUE(MID(I27,FIND(";",I27,1)+1,FIND(";",I27,FIND(";",I27,1)+1)-FIND(";",I27,1)-1)) -> 0.0548 | ... M55: =_xlfn.NUMBERVALUE(MID(M27,FIND(";",M27,1)+1,FIND(";",M27,FIND(";",M27,1)+1)-FIND(";",M27,1)-1)) -> 0
A57: U | B57: DRI1 | C57: DRI3 | D57: DRI4 | E57: DRI5 | F57: DRI6 | G57: DRI7 | H57: DRI9 | I57: DRI10 | J57: DRI11 | K57: DRI13 | L57: DRI14 | M57: DRI15
A58: DRI1 | B58: =_xlfn.NUMBERVALUE(MID(B16,FIND(";",B16,FIND(";",B16,1)+1)+1, LEN(B16)-FIND(";",B16,FIND(";",B16,1)+1)-1)) -> 0 | C58: =_xlfn.NUMBERVALUE(MID(C16,FIND(";",C16,FIND(";",C16,1)+1)+1, LEN(C16)-FIND(";",C16,FIND(";",C16,1)+1)-1)) -> 0.3347 | D58: =_xlfn.NUMBERVALUE(MID(D16,FIND(";",D16,FIND(";",D16,1)+1)+1, LEN(D16)-FIND(";",D16,FIND(";",D16,1)+1)-1)) -> 0.3795 | E58: =_xlfn.NUMBERVALUE(MID(E16,FIND(";",E16,FIND(";",E16,1)+1)+1, LEN(E16)-FIND(";",E16,FIND(";",E16,1)+1)-1)) -> 0.0707 | F58: =_xlfn.NUMBERVALUE(MID(F16,FIND(";",F16,FIND(";",F16,1)+1)+1, LEN(F16)-FIND(";",F16,FIND(";",F16,1)+1)-1)) -> 0.0707 | G58: =_xlfn.NUMBERVALUE(MID(G16,FIND(";",G16,FIND(";",G16,1)+1)+1, LEN(G16)-FIND(";",G16,FIND(";",G16,1)+1)-1)) -> 0.1095 | H58: =_xlfn.NUMBERVALUE(MID(H16,FIND(";",H16,FIND(";",H16,1)+1)+1, LEN(H16)-FIND(";",H16,FIND(";",H16,1)+1)-1)) -> 0.0548 | I58: =_xlfn.NUMBERVALUE(MID(I16,FIND(";",I16,FIND(";",I16,1)+1)+1, LEN(I16)-FIND(";",I16,FIND(";",I16,1)+1)-1)) -> 0.0548 | ... M58: =_xlfn.NUMBERVALUE(MID(M16,FIND(";",M16,FIND(";",M16,1)+1)+1, LEN(M16)-FIND(";",M16,FIND(";",M16,1)+1)-1)) -> 0.1414
A59: DRI3 | B59: =_xlfn.NUMBERVALUE(MID(B17,FIND(";",B17,FIND(";",B17,1)+1)+1, LEN(B17)-FIND(";",B17,FIND(";",B17,1)+1)-1)) -> 0.0632 | C59: =_xlfn.NUMBERVALUE(MID(C17,FIND(";",C17,FIND(";",C17,1)+1)+1, LEN(C17)-FIND(";",C17,FIND(";",C17,1)+1)-1)) -> 0 | D59: =_xlfn.NUMBERVALUE(MID(D17,FIND(";",D17,FIND(";",D17,1)+1)+1, LEN(D17)-FIND(";",D17,FIND(";",D17,1)+1)-1)) -> 0.3347 | E59: =_xlfn.NUMBERVALUE(MID(E17,FIND(";",E17,FIND(";",E17,1)+1)+1, LEN(E17)-FIND(";",E17,FIND(";",E17,1)+1)-1)) -> 0.3795 | F59: =_xlfn.NUMBERVALUE(MID(F17,FIND(";",F17,FIND(";",F17,1)+1)+1, LEN(F17)-FIND(";",F17,FIND(";",F17,1)+1)-1)) -> 0.3347 | G59: =_xlfn.NUMBERVALUE(MID(G17,FIND(";",G17,FIND(";",G17,1)+1)+1, LEN(G17)-FIND(";",G17,FIND(";",G17,1)+1)-1)) -> 0.3347 | H59: =_xlfn.NUMBERVALUE(MID(H17,FIND(";",H17,FIND(";",H17,1)+1)+1, LEN(H17)-FIND(";",H17,FIND(";",H17,1)+1)-1)) -> 0.3347 | I59: =_xlfn.NUMBERVALUE(MID(I17,FIND(";",I17,FIND(";",I17,1)+1)+1, LEN(I17)-FIND(";",I17,FIND(";",I17,1)+1)-1)) -> 0.1414 | ... M59: =_xlfn.NUMBERVALUE(MID(M17,FIND(";",M17,FIND(";",M17,1)+1)+1, LEN(M17)-FIND(";",M17,FIND(";",M17,1)+1)-1)) -> 0.3795
A60: DRI4 | B60: =_xlfn.NUMBERVALUE(MID(B18,FIND(";",B18,FIND(";",B18,1)+1)+1, LEN(B18)-FIND(";",B18,FIND(";",B18,1)+1)-1)) -> 0.2121 | C60: =_xlfn.NUMBERVALUE(MID(C18,FIND(";",C18,FIND(";",C18,1)+1)+1, LEN(C18)-FIND(";",C18,FIND(";",C18,1)+1)-1)) -> 0.0707 | D60: =_xlfn.NUMBERVALUE(MID(D18,FIND(";",D18,FIND(";",D18,1)+1)+1, LEN(D18)-FIND(";",D18,FIND(";",D18,1)+1)-1)) -> 0 | E60: =_xlfn.NUMBERVALUE(MID(E18,FIND(";",E18,FIND(";",E18,1)+1)+1, LEN(E18)-FIND(";",E18,FIND(";",E18,1)+1)-1)) -> 0.251 | F60: =_xlfn.NUMBERVALUE(MID(F18,FIND(";",F18,FIND(";",F18,1)+1)+1, LEN(F18)-FIND(";",F18,FIND(";",F18,1)+1)-1)) -> 0.1414 | G60: =_xlfn.NUMBERVALUE(MID(G18,FIND(";",G18,FIND(";",G18,1)+1)+1, LEN(G18)-FIND(";",G18,FIND(";",G18,1)+1)-1)) -> 0.1095 | H60: =_xlfn.NUMBERVALUE(MID(H18,FIND(";",H18,FIND(";",H18,1)+1)+1, LEN(H18)-FIND(";",H18,FIND(";",H18,1)+1)-1)) -> 0.251 | I60: =_xlfn.NUMBERVALUE(MID(I18,FIND(";",I18,FIND(";",I18,1)+1)+1, LEN(I18)-FIND(";",I18,FIND(";",I18,1)+1)-1)) -> 0.0707 | ... M60: =_xlfn.NUMBERVALUE(MID(M18,FIND(";",M18,FIND(";",M18,1)+1)+1, LEN(M18)-FIND(";",M18,FIND(";",M18,1)+1)-1)) -> 0.3795
A61: DRI5 | B61: =_xlfn.NUMBERVALUE(MID(B19,FIND(";",B19,FIND(";",B19,1)+1)+1, LEN(B19)-FIND(";",B19,FIND(";",B19,1)+1)-1)) -> 0.1414 | C61: =_xlfn.NUMBERVALUE(MID(C19,FIND(";",C19,FIND(";",C19,1)+1)+1, LEN(C19)-FIND(";",C19,FIND(";",C19,1)+1)-1)) -> 0.1673 | D61: =_xlfn.NUMBERVALUE(MID(D19,FIND(";",D19,FIND(";",D19,1)+1)+1, LEN(D19)-FIND(";",D19,FIND(";",D19,1)+1)-1)) -> 0.0548 | E61: =_xlfn.NUMBERVALUE(MID(E19,FIND(";",E19,FIND(";",E19,1)+1)+1, LEN(E19)-FIND(";",E19,FIND(";",E19,1)+1)-1)) -> 0 | F61: =_xlfn.NUMBERVALUE(MID(F19,FIND(";",F19,FIND(";",F19,1)+1)+1, LEN(F19)-FIND(";",F19,FIND(";",F19,1)+1)-1)) -> 0.3347 | G61: =_xlfn.NUMBERVALUE(MID(G19,FIND(";",G19,FIND(";",G19,1)+1)+1, LEN(G19)-FIND(";",G19,FIND(";",G19,1)+1)-1)) -> 0.2121 | H61: =_xlfn.NUMBERVALUE(MID(H19,FIND(";",H19,FIND(";",H19,1)+1)+1, LEN(H19)-FIND(";",H19,FIND(";",H19,1)+1)-1)) -> 0.3795 | I61: =_xlfn.NUMBERVALUE(MID(I19,FIND(";",I19,FIND(";",I19,1)+1)+1, LEN(I19)-FIND(";",I19,FIND(";",I19,1)+1)-1)) -> 0.2121 | ... M61: =_xlfn.NUMBERVALUE(MID(M19,FIND(";",M19,FIND(";",M19,1)+1)+1, LEN(M19)-FIND(";",M19,FIND(";",M19,1)+1)-1)) -> 0.3795
A62: DRI6 | B62: =_xlfn.NUMBERVALUE(MID(B20,FIND(";",B20,FIND(";",B20,1)+1)+1, LEN(B20)-FIND(";",B20,FIND(";",B20,1)+1)-1)) -> 0.0632 | C62: =_xlfn.NUMBERVALUE(MID(C20,FIND(";",C20,FIND(";",C20,1)+1)+1, LEN(C20)-FIND(";",C20,FIND(";",C20,1)+1)-1)) -> 0.1414 | D62: =_xlfn.NUMBERVALUE(MID(D20,FIND(";",D20,FIND(";",D20,1)+1)+1, LEN(D20)-FIND(";",D20,FIND(";",D20,1)+1)-1)) -> 0.1414 | E62: =_xlfn.NUMBERVALUE(MID(E20,FIND(";",E20,FIND(";",E20,1)+1)+1, LEN(E20)-FIND(";",E20,FIND(";",E20,1)+1)-1)) -> 0.1414 | F62: =_xlfn.NUMBERVALUE(MID(F20,FIND(";",F20,FIND(";",F20,1)+1)+1, LEN(F20)-FIND(";",F20,FIND(";",F20,1)+1)-1)) -> 0 | G62: =_xlfn.NUMBERVALUE(MID(G20,FIND(";",G20,FIND(";",G20,1)+1)+1, LEN(G20)-FIND(";",G20,FIND(";",G20,1)+1)-1)) -> 0.251 | H62: =_xlfn.NUMBERVALUE(MID(H20,FIND(";",H20,FIND(";",H20,1)+1)+1, LEN(H20)-FIND(";",H20,FIND(";",H20,1)+1)-1)) -> 0.0548 | I62: =_xlfn.NUMBERVALUE(MID(I20,FIND(";",I20,FIND(";",I20,1)+1)+1, LEN(I20)-FIND(";",I20,FIND(";",I20,1)+1)-1)) -> 0.1414 | ... M62: =_xlfn.NUMBERVALUE(MID(M20,FIND(";",M20,FIND(";",M20,1)+1)+1, LEN(M20)-FIND(";",M20,FIND(";",M20,1)+1)-1)) -> 0.1414
A63: DRI7 | B63: =_xlfn.NUMBERVALUE(MID(B21,FIND(";",B21,FIND(";",B21,1)+1)+1, LEN(B21)-FIND(";",B21,FIND(";",B21,1)+1)-1)) -> 0.0316 | C63: =_xlfn.NUMBERVALUE(MID(C21,FIND(";",C21,FIND(";",C21,1)+1)+1, LEN(C21)-FIND(";",C21,FIND(";",C21,1)+1)-1)) -> 0.2121 | D63: =_xlfn.NUMBERVALUE(MID(D21,FIND(";",D21,FIND(";",D21,1)+1)+1, LEN(D21)-FIND(";",D21,FIND(";",D21,1)+1)-1)) -> 0.0548 | E63: =_xlfn.NUMBERVALUE(MID(E21,FIND(";",E21,FIND(";",E21,1)+1)+1, LEN(E21)-FIND(";",E21,FIND(";",E21,1)+1)-1)) -> 0.0707 | F63: =_xlfn.NUMBERVALUE(MID(F21,FIND(";",F21,FIND(";",F21,1)+1)+1, LEN(F21)-FIND(";",F21,FIND(";",F21,1)+1)-1)) -> 0.0548 | G63: =_xlfn.NUMBERVALUE(MID(G21,FIND(";",G21,FIND(";",G21,1)+1)+1, LEN(G21)-FIND(";",G21,FIND(";",G21,1)+1)-1)) -> 0 | H63: =_xlfn.NUMBERVALUE(MID(H21,FIND(";",H21,FIND(";",H21,1)+1)+1, LEN(H21)-FIND(";",H21,FIND(";",H21,1)+1)-1)) -> 0.0548 | I63: =_xlfn.NUMBERVALUE(MID(I21,FIND(";",I21,FIND(";",I21,1)+1)+1, LEN(I21)-FIND(";",I21,FIND(";",I21,1)+1)-1)) -> 0.1414 | ... M63: =_xlfn.NUMBERVALUE(MID(M21,FIND(";",M21,FIND(";",M21,1)+1)+1, LEN(M21)-FIND(";",M21,FIND(";",M21,1)+1)-1)) -> 0.0707
A64: DRI9 | B64: =_xlfn.NUMBERVALUE(MID(B22,FIND(";",B22,FIND(";",B22,1)+1)+1, LEN(B22)-FIND(";",B22,FIND(";",B22,1)+1)-1)) -> 0.1095 | C64: =_xlfn.NUMBERVALUE(MID(C22,FIND(";",C22,FIND(";",C22,1)+1)+1, LEN(C22)-FIND(";",C22,FIND(";",C22,1)+1)-1)) -> 0.1414 | D64: =_xlfn.NUMBERVALUE(MID(D22,FIND(";",D22,FIND(";",D22,1)+1)+1, LEN(D22)-FIND(";",D22,FIND(";",D22,1)+1)-1)) -> 0.0707 | E64: =_xlfn.NUMBERVALUE(MID(E22,FIND(";",E22,FIND(";",E22,1)+1)+1, LEN(E22)-FIND(";",E22,FIND(";",E22,1)+1)-1)) -> 0.1414 | F64: =_xlfn.NUMBERVALUE(MID(F22,FIND(";",F22,FIND(";",F22,1)+1)+1, LEN(F22)-FIND(";",F22,FIND(";",F22,1)+1)-1)) -> 0.0707 | G64: =_xlfn.NUMBERVALUE(MID(G22,FIND(";",G22,FIND(";",G22,1)+1)+1, LEN(G22)-FIND(";",G22,FIND(";",G22,1)+1)-1)) -> 0.0707 | H64: =_xlfn.NUMBERVALUE(MID(H22,FIND(";",H22,FIND(";",H22,1)+1)+1, LEN(H22)-FIND(";",H22,FIND(";",H22,1)+1)-1)) -> 0 | I64: =_xlfn.NUMBERVALUE(MID(I22,FIND(";",I22,FIND(";",I22,1)+1)+1, LEN(I22)-FIND(";",I22,FIND(";",I22,1)+1)-1)) -> 0.1095 | ... M64: =_xlfn.NUMBERVALUE(MID(M22,FIND(";",M22,FIND(";",M22,1)+1)+1, LEN(M22)-FIND(";",M22,FIND(";",M22,1)+1)-1)) -> 0.1095
A65: DRI10 | B65: =_xlfn.NUMBERVALUE(MID(B23,FIND(";",B23,FIND(";",B23,1)+1)+1, LEN(B23)-FIND(";",B23,FIND(";",B23,1)+1)-1)) -> 0.1673 | C65: =_xlfn.NUMBERVALUE(MID(C23,FIND(";",C23,FIND(";",C23,1)+1)+1, LEN(C23)-FIND(";",C23,FIND(";",C23,1)+1)-1)) -> 0.1414 | D65: =_xlfn.NUMBERVALUE(MID(D23,FIND(";",D23,FIND(";",D23,1)+1)+1, LEN(D23)-FIND(";",D23,FIND(";",D23,1)+1)-1)) -> 0.1414 | E65: =_xlfn.NUMBERVALUE(MID(E23,FIND(";",E23,FIND(";",E23,1)+1)+1, LEN(E23)-FIND(";",E23,FIND(";",E23,1)+1)-1)) -> 0.1095 | F65: =_xlfn.NUMBERVALUE(MID(F23,FIND(";",F23,FIND(";",F23,1)+1)+1, LEN(F23)-FIND(";",F23,FIND(";",F23,1)+1)-1)) -> 0.1095 | G65: =_xlfn.NUMBERVALUE(MID(G23,FIND(";",G23,FIND(";",G23,1)+1)+1, LEN(G23)-FIND(";",G23,FIND(";",G23,1)+1)-1)) -> 0.0548 | H65: =_xlfn.NUMBERVALUE(MID(H23,FIND(";",H23,FIND(";",H23,1)+1)+1, LEN(H23)-FIND(";",H23,FIND(";",H23,1)+1)-1)) -> 0.1414 | I65: =_xlfn.NUMBERVALUE(MID(I23,FIND(";",I23,FIND(";",I23,1)+1)+1, LEN(I23)-FIND(";",I23,FIND(";",I23,1)+1)-1)) -> 0 | ... M65: =_xlfn.NUMBERVALUE(MID(M23,FIND(";",M23,FIND(";",M23,1)+1)+1, LEN(M23)-FIND(";",M23,FIND(";",M23,1)+1)-1)) -> 0.3795
A66: DRI11 | B66: =_xlfn.NUMBERVALUE(MID(B24,FIND(";",B24,FIND(";",B24,1)+1)+1, LEN(B24)-FIND(";",B24,FIND(";",B24,1)+1)-1)) -> 0.3347 | C66: =_xlfn.NUMBERVALUE(MID(C24,FIND(";",C24,FIND(";",C24,1)+1)+1, LEN(C24)-FIND(";",C24,FIND(";",C24,1)+1)-1)) -> 0.0548 | D66: =_xlfn.NUMBERVALUE(MID(D24,FIND(";",D24,FIND(";",D24,1)+1)+1, LEN(D24)-FIND(";",D24,FIND(";",D24,1)+1)-1)) -> 0.0548 | E66: =_xlfn.NUMBERVALUE(MID(E24,FIND(";",E24,FIND(";",E24,1)+1)+1, LEN(E24)-FIND(";",E24,FIND(";",E24,1)+1)-1)) -> 0.0548 | F66: =_xlfn.NUMBERVALUE(MID(F24,FIND(";",F24,FIND(";",F24,1)+1)+1, LEN(F24)-FIND(";",F24,FIND(";",F24,1)+1)-1)) -> 0.0707 | G66: =_xlfn.NUMBERVALUE(MID(G24,FIND(";",G24,FIND(";",G24,1)+1)+1, LEN(G24)-FIND(";",G24,FIND(";",G24,1)+1)-1)) -> 0.0548 | H66: =_xlfn.NUMBERVALUE(MID(H24,FIND(";",H24,FIND(";",H24,1)+1)+1, LEN(H24)-FIND(";",H24,FIND(";",H24,1)+1)-1)) -> 0.3795 | I66: =_xlfn.NUMBERVALUE(MID(I24,FIND(";",I24,FIND(";",I24,1)+1)+1, LEN(I24)-FIND(";",I24,FIND(";",I24,1)+1)-1)) -> 0.0707 | ... M66: =_xlfn.NUMBERVALUE(MID(M24,FIND(";",M24,FIND(";",M24,1)+1)+1, LEN(M24)-FIND(";",M24,FIND(";",M24,1)+1)-1)) -> 0.3347
A67: DRI13 | B67: =_xlfn.NUMBERVALUE(MID(B25,FIND(";",B25,FIND(";",B25,1)+1)+1, LEN(B25)-FIND(";",B25,FIND(";",B25,1)+1)-1)) -> 0.0707 | C67: =_xlfn.NUMBERVALUE(MID(C25,FIND(";",C25,FIND(";",C25,1)+1)+1, LEN(C25)-FIND(";",C25,FIND(";",C25,1)+1)-1)) -> 0.0548 | D67: =_xlfn.NUMBERVALUE(MID(D25,FIND(";",D25,FIND(";",D25,1)+1)+1, LEN(D25)-FIND(";",D25,FIND(";",D25,1)+1)-1)) -> 0.0837 | E67: =_xlfn.NUMBERVALUE(MID(E25,FIND(";",E25,FIND(";",E25,1)+1)+1, LEN(E25)-FIND(";",E25,FIND(";",E25,1)+1)-1)) -> 0.0707 | F67: =_xlfn.NUMBERVALUE(MID(F25,FIND(";",F25,FIND(";",F25,1)+1)+1, LEN(F25)-FIND(";",F25,FIND(";",F25,1)+1)-1)) -> 0.1414 | G67: =_xlfn.NUMBERVALUE(MID(G25,FIND(";",G25,FIND(";",G25,1)+1)+1, LEN(G25)-FIND(";",G25,FIND(";",G25,1)+1)-1)) -> 0.1095 | H67: =_xlfn.NUMBERVALUE(MID(H25,FIND(";",H25,FIND(";",H25,1)+1)+1, LEN(H25)-FIND(";",H25,FIND(";",H25,1)+1)-1)) -> 0.2121 | I67: =_xlfn.NUMBERVALUE(MID(I25,FIND(";",I25,FIND(";",I25,1)+1)+1, LEN(I25)-FIND(";",I25,FIND(";",I25,1)+1)-1)) -> 0.0548 | ... M67: =_xlfn.NUMBERVALUE(MID(M25,FIND(";",M25,FIND(";",M25,1)+1)+1, LEN(M25)-FIND(";",M25,FIND(";",M25,1)+1)-1)) -> 0.0548
A68: DRI14 | B68: =_xlfn.NUMBERVALUE(MID(B26,FIND(";",B26,FIND(";",B26,1)+1)+1, LEN(B26)-FIND(";",B26,FIND(";",B26,1)+1)-1)) -> 0.0548 | C68: =_xlfn.NUMBERVALUE(MID(C26,FIND(";",C26,FIND(";",C26,1)+1)+1, LEN(C26)-FIND(";",C26,FIND(";",C26,1)+1)-1)) -> 0.0707 | D68: =_xlfn.NUMBERVALUE(MID(D26,FIND(";",D26,FIND(";",D26,1)+1)+1, LEN(D26)-FIND(";",D26,FIND(";",D26,1)+1)-1)) -> 0.0707 | E68: =_xlfn.NUMBERVALUE(MID(E26,FIND(";",E26,FIND(";",E26,1)+1)+1, LEN(E26)-FIND(";",E26,FIND(";",E26,1)+1)-1)) -> 0.0707 | F68: =_xlfn.NUMBERVALUE(MID(F26,FIND(";",F26,FIND(";",F26,1)+1)+1, LEN(F26)-FIND(";",F26,FIND(";",F26,1)+1)-1)) -> 0.1414 | G68: =_xlfn.NUMBERVALUE(MID(G26,FIND(";",G26,FIND(";",G26,1)+1)+1, LEN(G26)-FIND(";",G26,FIND(";",G26,1)+1)-1)) -> 0.1414 | H68: =_xlfn.NUMBERVALUE(MID(H26,FIND(";",H26,FIND(";",H26,1)+1)+1, LEN(H26)-FIND(";",H26,FIND(";",H26,1)+1)-1)) -> 0.0548 | I68: =_xlfn.NUMBERVALUE(MID(I26,FIND(";",I26,FIND(";",I26,1)+1)+1, LEN(I26)-FIND(";",I26,FIND(";",I26,1)+1)-1)) -> 0.1414 | ... M68: =_xlfn.NUMBERVALUE(MID(M26,FIND(";",M26,FIND(";",M26,1)+1)+1, LEN(M26)-FIND(";",M26,FIND(";",M26,1)+1)-1)) -> 0.3795
A69: DRI15 | B69: =_xlfn.NUMBERVALUE(MID(B27,FIND(";",B27,FIND(";",B27,1)+1)+1, LEN(B27)-FIND(";",B27,FIND(";",B27,1)+1)-1)) -> 0.1414 | C69: =_xlfn.NUMBERVALUE(MID(C27,FIND(";",C27,FIND(";",C27,1)+1)+1, LEN(C27)-FIND(";",C27,FIND(";",C27,1)+1)-1)) -> 0.2121 | D69: =_xlfn.NUMBERVALUE(MID(D27,FIND(";",D27,FIND(";",D27,1)+1)+1, LEN(D27)-FIND(";",D27,FIND(";",D27,1)+1)-1)) -> 0.2121 | E69: =_xlfn.NUMBERVALUE(MID(E27,FIND(";",E27,FIND(";",E27,1)+1)+1, LEN(E27)-FIND(";",E27,FIND(";",E27,1)+1)-1)) -> 0.1414 | F69: =_xlfn.NUMBERVALUE(MID(F27,FIND(";",F27,FIND(";",F27,1)+1)+1, LEN(F27)-FIND(";",F27,FIND(";",F27,1)+1)-1)) -> 0.2121 | G69: =_xlfn.NUMBERVALUE(MID(G27,FIND(";",G27,FIND(";",G27,1)+1)+1, LEN(G27)-FIND(";",G27,FIND(";",G27,1)+1)-1)) -> 0.0707 | H69: =_xlfn.NUMBERVALUE(MID(H27,FIND(";",H27,FIND(";",H27,1)+1)+1, LEN(H27)-FIND(";",H27,FIND(";",H27,1)+1)-1)) -> 0.0707 | I69: =_xlfn.NUMBERVALUE(MID(I27,FIND(";",I27,FIND(";",I27,1)+1)+1, LEN(I27)-FIND(";",I27,FIND(";",I27,1)+1)-1)) -> 0.1095 | ... M69: =_xlfn.NUMBERVALUE(MID(M27,FIND(";",M27,FIND(";",M27,1)+1)+1, LEN(M27)-FIND(";",M27,FIND(";",M27,1)+1)-1)) -> 0

Sheet Ans 4
B1: DRI1 | C1: DRI3 | D1: DRI4 | E1: DRI5 | F1: DRI6 | G1: DRI7 | H1: DRI9 | I1: DRI10 | J1: DRI11 | K1: DRI13 | L1: DRI14 | M1: DRI15
A2: DRI1 | B2: 0 | C2: VI;VH | D2: VI;H | E2: NI;M | F2: VI;H | G2: WI;M | H2: FI;M | I2: WI;H | J2: VI;VH | K2: WI;VL | L2: WI;M | M2: NI;VL
A3: DRI3 | B3: WI;VL | C3: 0 | D3: AI;VH | E3: AI;H | F3: NI;M | G3: AI;H | H3: VI;VH | I3: WI;M | J3: AI;H | K3: AI;VH | L3: AI;VH | M3: AI;VH
A4: DRI4 | B4: FI;H | C4: NI;M | D4: 0 | E4: FI;H | F4: NI;L | G4: VI;M | H4: FI;H | I4: NI;M | J4: AI;VH | K4: AI;H | L4: VI;H | M4: VI;VH
A5: DRI5 | B5: NI;L | C5: WI;VL | D5: NI;M | E5: 0 | F5: NI;M | G5: WI;H | H5: VI;H | I5: WI;M | J5: AI;H | K5: WI;M | L5: VI;VH | M5: VI;VH
A6: DRI6 | B6: NI;L | C6: WI;M | D6: NI;VL | E6: NI;M | F6: 0 | G6: VI;VH | H6: FI;M | I6: WI;M | J6: AI;H | K6: AI;H | L6: WI;VL | M6: NI;M
A7: DRI7 | B7: NI;L | C7: NI;L | D7: NI;L | E7: WI;M | F7: NI;M | G7: 0 | H7: NI;H | I7: NI;M | J7: VI;H | K7: WI;L | L7: WI;VL | M7: NI;L
A8: DRI9 | B8: WI;H | C8: WI;M | D8: WI;M | E8: WI;VL | F8: NI;L | G8: NI;L | H8: 0 | I8: FI;M | J8: NI;L | K8: WI;VL | L8: WI;M | M8: WI;L
A9: DRI10 | B9: WI;VL | C9: WI;M | D9: WI;M | E9: WI;VL | F9: NI;VL | G9: NI;M | H9: WI;M | I9: 0 | J9: VI;VH | K9: AI;VH | L9: AI;VH | M9: VI;VH
A10: DRI11 | B10: FI;H | C10: WI;L | D10: NI;M | E10: NI;M | F10: NI;VL | G10: NI;M | H10: AI;VH | I10: NI;VL | J10: 0 | K10: AI;VH | L10: AI;VH | M10: VI;VH
A11: DRI13 | B11: WI;L | C11: FI;M | D11: NI;L | E11: WI;M | F11: NI;H | G11: NI;M | H11: WI;L | I11: NI;M | J11: NI;M | K11: 0 | L11: NI;VL | M11: NI;L
A12: DRI14 | B12: FI;M | C12: NI;L | D12: NI;M | E12: NI;M | F12: NI;L | G12: WI;M | H12: NI;M | I12: WI;M | J12: WI;M | K12: NI;M | L12: 0 | M12: VI;H
A13: DRI15 | B13: WI;M | C13: NI;M | D13: NI;H | E13: WI;L | F13: WI;M | G13: WI;VL | H13: NI;VL | I13: FI;M | J13: NI;M | K13: NI;VL | L13: NI;M | M13: 0
B15: DRI1 | C15: DRI3 | D15: DRI4 | E15: DRI5 | F15: DRI6 | G15: DRI7 | H15: DRI9 | I15: DRI10 | J15: DRI11 | K15: DRI13 | L15: DRI14 | M15: DRI15
A16: DRI1 | B16: =VLOOKUP(B2,'Thang đánh giá'!$C$2:$D$27,2,FALSE) -> (0; 0; 0) | C16: =VLOOKUP(C2,'Thang đánh giá'!$C$2:$D$27,2,FALSE) -> (0,1897; 0,2846; 0,3795) | D16: =VLOOKUP(D2,'Thang đánh giá'!$C$2:$D$27,2,FALSE) -> (0,1673; 0,251; 0,3347) | E16: =VLOOKUP(E2,'Thang đánh giá'!$C$2:$D$27,2,FALSE) -> (0; 0; 0,0707) | F16: =VLOOKUP(F2,'Thang đánh giá'!$C$2:$D$27,2,FALSE) -> (0,1673; 0,251; 0,3347) | G16: =VLOOKUP(G2,'Thang đánh giá'!$C$2:$D$27,2,FALSE) -> (0; 0,0707; 0,1414) | H16: =VLOOKUP(H2,'Thang đánh giá'!$C$2:$D$27,2,FALSE) -> (0,0707; 0,1414; 0,2121) | I16: =VLOOKUP(I2,'Thang đánh giá'!$C$2:$D$27,2,FALSE) -> (0; 0,0837; 0,1673) | ... M16: =VLOOKUP(M2,'Thang đánh giá'!$C$2:$D$27,2,FALSE) -> (0; 0; 0,0316)
A17: DRI3 | B17: =VLOOKUP(B3,'Thang đánh giá'!$C$2:$D$27,2,FALSE) -> (0; 0,0316; 0,0632) | C17: =VLOOKUP(C3,'Thang đánh giá'!$C$2:$D$27,2,FALSE) -> (0; 0; 0) | D17: =VLOOKUP(D3,'Thang đánh giá'!$C$2:$D$27,2,FALSE) -> (0,2846; 0,3795; 0,3795) | E17: =VLOOKUP(E3,'Thang đánh giá'!$C$2:$D$27,2,FALSE) -> (0,251; 0,3347; 0,3347) | F17: =VLOOKUP(F3,'Thang đánh giá'!$C$2:$D$27,2,FALSE) -> (0; 0; 0,0707) | G17: =VLOOKUP(G3,'Thang đánh giá'!$C$2:$D$27,2,FALSE) -> (0,251; 0,3347; 0,3347) | H17: =VLOOKUP(H3,'Thang đánh giá'!$C$2:$D$27,2,FALSE) -> (0,1897; 0,2846; 0,3795) | I17: =VLOOKUP(I3,'Thang đánh giá'!$C$2:$D$27,2,FALSE) -> (0; 0,0707; 0,1414) | ... M17: =VLOOKUP(M3,'Thang đánh giá'!$C$2:$D$27,2,FALSE) -> (0,2846; 0,3795; 0,3795)
A18: DRI4 | B18: =VLOOKUP(B4,'Thang đánh giá'!$C$2:$D$27,2,FALSE) -> (0,0837; 0,1673; 0,251) | C18: =VLOOKUP(C4,'Thang đánh giá'!$C$2:$D$27,2,FALSE) -> (0; 0; 0,0707) | D18: =VLOOKUP(D4,'Thang đánh giá'!$C$2:$D$27,2,FALSE) -> (0; 0; 0) | E18: =VLOOKUP(E4,'Thang đánh giá'!$C$2:$D$27,2,FALSE) -> (0,0837; 0,1673; 0,251) | F18: =VLOOKUP(F4,'Thang đánh giá'!$C$2:$D$27,2,FALSE) -> (0; 0; 0,0548) | G18: =VLOOKUP(G4,'Thang đánh giá'!$C$2:$D$27,2,FALSE) -> (0,1414; 0,2121; 0,2828) | H18: =VLOOKUP(H4,'Thang đánh giá'!$C$2:$D$27,2,FALSE) -> (0,0837; 0,1673; 0,251) | I18: =VLOOKUP(I4,'Thang đánh giá'!$C$2:$D$27,2,FALSE) -> (0; 0; 0,0707) | ... M18: =VLOOKUP(M4,'Thang đánh giá'!$C$2:$D$27,2,FALSE) -> (0,1897; 0,2846; 0,3795)
A19: DRI5 | B19: =VLOOKUP(B5,'Thang đánh giá'!$C$2:$D$27,2,FALSE) -> (0; 0; 0,0548) | C19: =VLOOKUP(C5,'Thang đánh giá'!$C$2:$D$27,2,FALSE) -> (0; 0,0316; 0,0632) | D19: =VLOOKUP(D5,'Thang đánh giá'!$C$2:$D$27,2,FALSE) -> (0; 0; 0,0707) | E19: =VLOOKUP(E5,'Thang đánh giá'!$C$2:$D$27,2,FALSE) -> (0; 0; 0) | F19: =VLOOKUP(F5,'Thang đánh giá'!$C$2:$D$27,2,FALSE) -> (0; 0; 0,0707) | G19: =VLOOKUP(G5,'Thang đánh giá'!$C$2:$D$27,2,FALSE) -> (0; 0,0837; 0,1673) | H19: =VLOOKUP(H5,'Thang đánh giá'!$C$2:$D$27,2,FALSE) -> (0,1673; 0,251; 0,3347) | I19: =VLOOKUP(I5,'Thang đánh giá'!$C$2:$D$27,2,FALSE) -> (0; 0,0707; 0,1414) | ... M19: =VLOOKUP(M5,'Thang đánh giá'!$C$2:$D$27,2,FALSE) -> (0,1897; 0,2846; 0,3795)
A20: DRI6 | B20: =VLOOKUP(B6,'Thang đánh giá'!$C$2:$D$27,2,FALSE) -> (0; 0; 0,0548) | C20: =VLOOKUP(C6,'Thang đánh giá'!$C$2:$D$27,2,FALSE) -> (0; 0,0707; 0,1414) | D20: =VLOOKUP(D6,'Thang đánh giá'!$C$2:$D$27,2,FALSE) -> (0; 0; 0,0316) | E20: =VLOOKUP(E6,'Thang đánh giá'!$C$2:$D$27,2,FALSE) -> (0; 0; 0,0707) | F20: =VLOOKUP(F6,'Thang đánh giá'!$C$2:$D$27,2,FALSE) -> (0; 0; 0) | G20: =VLOOKUP(G6,'Thang đánh giá'!$C$2:$D$27,2,FALSE) -> (0,1897; 0,2846; 0,3795) | H20: =VLOOKUP(H6,'Thang đánh giá'!$C$2:$D$27,2,FALSE) -> (0,0707; 0,1414; 0,2121) | I20: =VLOOKUP(I6,'Thang đánh giá'!$C$2:$D$27,2,FALSE) -> (0; 0,0707; 0,1414) | ... M20: =VLOOKUP(M6,'Thang đánh giá'!$C$2:$D$27,2,FALSE) -> (0; 0; 0,0707)
A21: DRI7 | B21: =VLOOKUP(B7,'Thang đánh giá'!$C$2:$D$27,2,FALSE) -> (0; 0; 0,0548) | C21: =VLOOKUP(C7,'Thang đánh giá'!$C$2:$D$27,2,FALSE) -> (0; 0; 0,0548) | D21: =VLOOKUP(D7,'Thang đánh giá'!$C$2:$D$27,2,FALSE) -> (0; 0; 0,0548) | E21: =VLOOKUP(E7,'Thang đánh giá'!$C$2:$D$27,2,FALSE) -> (0; 0,0707; 0,1414) | F21: =VLOOKUP(F7,'Thang đánh giá'!$C$2:$D$27,2,FALSE) -> (0; 0; 0,0707) | G21: =VLOOKUP(G7,'Thang đánh giá'!$C$2:$D$27,2,FALSE) -> (0; 0; 0) | H21: =VLOOKUP(H7,'Thang đánh giá'!$C$2:$D$27,2,FALSE) -> (0; 0; 0,0837) | I21: =VLOOKUP(I7,'Thang đánh giá'!$C$2:$D$27,2,FALSE) -> (0; 0; 0,0707) | ... M21: =VLOOKUP(M7,'Thang đánh giá'!$C$2:$D$27,2,FALSE) -> (0; 0; 0,0548)
A22: DRI9 | B22: =VLOOKUP(B8,'Thang đánh giá'!$C$2:$D$27,2,FALSE) -> (0; 0,0837; 0,1673) | C22: =VLOOKUP(C8,'Thang đánh giá'!$C$2:$D$27,2,FALSE) -> (0; 0,0707; 0,1414) | D22: =VLOOKUP(D8,'Thang đánh giá'!$C$2:$D$27,2,FALSE) -> (0; 0,0707; 0,1414) | E22: =VLOOKUP(E8,'Thang đánh giá'!$C$2:$D$27,2,FALSE) -> (0; 0,0316; 0,0632) | F22: =VLOOKUP(F8,'Thang đánh giá'!$C$2:$D$27,2,FALSE) -> (0; 0; 0,0548) | G22: =VLOOKUP(G8,'Thang đánh giá'!$C$2:$D$27,2,FALSE) -> (0; 0; 0,0548) | H22: =VLOOKUP(H8,'Thang đánh giá'!$C$2:$D$27,2,FALSE) -> (0; 0; 0) | I22: =VLOOKUP(I8,'Thang đánh giá'!$C$2:$D$27,2,FALSE) -> (0,0707; 0,1414; 0,2121) | ... M22: =VLOOKUP(M8,'Thang đánh giá'!$C$2:$D$27,2,FALSE) -> (0; 0,0548; 0,1095)
A23: DRI10 | B23: =VLOOKUP(B9,'Thang đánh giá'!$C$2:$D$27,2,FALSE) -> (0; 0,0316; 0,0632) | C23: =VLOOKUP(C9,'Thang đánh giá'!$C$2:$D$27,2,FALSE) -> (0; 0,0707; 0,1414) | D23: =VLOOKUP(D9,'Thang đánh giá'!$C$2:$D$27,2,FALSE) -> (0; 0,0707; 0,1414) | E23: =VLOOKUP(E9,'Thang đánh giá'!$C$2:$D$27,2,FALSE) -> (0; 0,0316; 0,0632) | F23: =VLOOKUP(F9,'Thang đánh giá'!$C$2:$D$27,2,FALSE) -> (0; 0; 0,0316) | G23: =VLOOKUP(G9,'Thang đánh giá'!$C$2:$D$27,2,FALSE) -> (0; 0; 0,0707) | H23: =VLOOKUP(H9,'Thang đánh giá'!$C$2:$D$27,2,FALSE) -> (0; 0,0707; 0,1414) | I23: =VLOOKUP(I9,'Thang đánh giá'!$C$2:$D$27,2,FALSE) -> (0; 0; 0) | ... M23: =VLOOKUP(M9,'Thang đánh giá'!$C$2:$D$27,2,FALSE) -> (0,1897; 0,2846; 0,3795)
A24: DRI11 | B24: =VLOOKUP(B10,'Thang đánh giá'!$C$2:$D$27,2,FALSE) -> (0,0837; 0,1673; 0,251) | C24: =VLOOKUP(C10,'Thang đánh giá'!$C$2:$D$27,2,FALSE) -> (0; 0,0548; 0,1095) | D24: =VLOOKUP(D10,'Thang đánh giá'!$C$2:$D$27,2,FALSE) -> (0; 0; 0,0707) | E24: =VLOOKUP(E10,'Thang đánh giá'!$C$2:$D$27,2,FALSE) -> (0; 0; 0,0707) | F24: =VLOOKUP(F10,'Thang đánh giá'!$C$2:$D$27,2,FALSE) -> (0; 0; 0,0316) | G24: =VLOOKUP(G10,'Thang đánh giá'!$C$2:$D$27,2,FALSE) -> (0; 0; 0,0707) | H24: =VLOOKUP(H10,'Thang đánh giá'!$C$2:$D$27,2,FALSE) -> (0,2846; 0,3795; 0,3795) | I24: =VLOOKUP(I10,'Thang đánh giá'!$C$2:$D$27,2,FALSE) -> (0; 0; 0,0316) | ... M24: =VLOOKUP(M10,'Thang đánh giá'!$C$2:$D$27,2,FALSE) -> (0,1897; 0,2846; 0,3795)
A25: DRI13 | B25: =VLOOKUP(B11,'Thang đánh giá'!$C$2:$D$27,2,FALSE) -> (0; 0,0548; 0,1095) | C25: =VLOOKUP(C11,'Thang đánh giá'!$C$2:$D$27,2,FALSE) -> (0,0707; 0,1414; 0,2121) | D25: =VLOOKUP(D11,'Thang đánh giá'!$C$2:$D$27,2,FALSE) -> (0; 0; 0,0548) | E25: =VLOOKUP(E11,'Thang đánh giá'!$C$2:$D$27,2,FALSE) -> (0; 0,0707; 0,1414) | F25: =VLOOKUP(F11,'Thang đánh giá'!$C$2:$D$27,2,FALSE) -> (0; 0; 0,0837) | G25: =VLOOKUP(G11,'Thang đánh giá'!$C$2:$D$27,2,FALSE) -> (0; 0; 0,0707) | H25: =VLOOKUP(H11,'Thang đánh giá'!$C$2:$D$27,2,FALSE) -> (0; 0,0548; 0,1095) | I25: =VLOOKUP(I11,'Thang đánh giá'!$C$2:$D$27,2,FALSE) -> (0; 0; 0,0707) | ... M25: =VLOOKUP(M11,'Thang đánh giá'!$C$2:$D$27,2,FALSE) -> (0; 0; 0,0548)
A26: DRI14 | B26: =VLOOKUP(B12,'Thang đánh giá'!$C$2:$D$27,2,FALSE) -> (0,0707; 0,1414; 0,2121) | C26: =VLOOKUP(C12,'Thang đánh giá'!$C$2:$D$27,2,FALSE) -> (0; 0; 0,0548) | D26: =VLOOKUP(D12,'Thang đánh giá'!$C$2:$D$27,2,FALSE) -> (0; 0; 0,0707) | E26: =VLOOKUP(E12,'Thang đánh giá'!$C$2:$D$27,2,FALSE) -> (0; 0; 0,0707) | F26: =VLOOKUP(F12,'Thang đánh giá'!$C$2:$D$27,2,FALSE) -> (0; 0; 0,0548) | G26: =VLOOKUP(G12,'Thang đánh giá'!$C$2:$D$27,2,FALSE) -> (0; 0,0707; 0,1414) | H26: =VLOOKUP(H12,'Thang đánh giá'!$C$2:$D$27,2,FALSE) -> (0; 0; 0,0707) | I26: =VLOOKUP(I12,'Thang đánh giá'!$C$2:$D$27,2,FALSE) -> (0; 0,0707; 0,1414) | ... M26: =VLOOKUP(M12,'Thang đánh giá'!$C$2:$D$27,2,FALSE) -> (0,1673; 0,251; 0,3347)
A27: DRI15 | B27: =VLOOKUP(B13,'Thang đánh giá'!$C$2:$D$27,2,FALSE) -> (0; 0,0707; 0,1414) | C27: =VLOOKUP(C13,'Thang đánh giá'!$C$2:$D$27,2,FALSE) -> (0; 0; 0,0707) | D27: =VLOOKUP(D13,'Thang đánh giá'!$C$2:$D$27,2,FALSE) -> (0; 0; 0,0837) | E27: =VLOOKUP(E13,'Thang đánh giá'!$C$2:$D$27,2,FALSE) -> (0; 0,0548; 0,1095) | F27: =VLOOKUP(F13,'Thang đánh giá'!$C$2:$D$27,2,FALSE) -> (0; 0,0707; 0,1414) | G27: =VLOOKUP(G13,'Thang đánh giá'!$C$2:$D$27,2,FALSE) -> (0; 0,0316; 0,0632) | H27: =VLOOKUP(H13,'Thang đánh giá'!$C$2:$D$27,2,FALSE) -> (0; 0; 0,0316) | I27: =VLOOKUP(I13,'Thang đánh giá'!$C$2:$D$27,2,FALSE) -> (0,0707; 0,1414; 0,2121) | ... M27: =VLOOKUP(M13,'Thang đánh giá'!$C$2:$D$27,2,FALSE) -> (0; 0; 0)
A29: L | B29: DRI1 | C29: DRI3 | D29: DRI4 | E29: DRI5 | F29: DRI6 | G29: DRI7 | H29: DRI9 | I29: DRI10 | J29: DRI11 | K29: DRI13 | L29: DRI14 | M29: DRI15
A30: DRI1 | B30: =_xlfn.NUMBERVALUE(MID(B16,2,FIND(";",B16,1)-2)) -> 0 | C30: =_xlfn.NUMBERVALUE(MID(C16,2,FIND(";",C16,1)-2)) -> 0.1897 | D30: =_xlfn.NUMBERVALUE(MID(D16,2,FIND(";",D16,1)-2)) -> 0.1673 | E30: =_xlfn.NUMBERVALUE(MID(E16,2,FIND(";",E16,1)-2)) -> 0 | F30: =_xlfn.NUMBERVALUE(MID(F16,2,FIND(";",F16,1)-2)) -> 0.1673 | G30: =_xlfn.NUMBERVALUE(MID(G16,2,FIND(";",G16,1)-2)) -> 0 | H30: =_xlfn.NUMBERVALUE(MID(H16,2,FIND(";",H16,1)-2)) -> 0.0707 | I30: =_xlfn.NUMBERVALUE(MID(I16,2,FIND(";",I16,1)-2)) -> 0 | ... M30: =_xlfn.NUMBERVALUE(MID(M16,2,FIND(";",M16,1)-2)) -> 0
A31: DRI3 | B31: =_xlfn.NUMBERVALUE(MID(B17,2,FIND(";",B17,1)-2)) -> 0 | C31: =_xlfn.NUMBERVALUE(MID(C17,2,FIND(";",C17,1)-2)) -> 0 | D31: =_xlfn.NUMBERVALUE(MID(D17,2,FIND(";",D17,1)-2)) -> 0.2846 | E31: =_xlfn.NUMBERVALUE(MID(E17,2,FIND(";",E17,1)-2)) -> 0.251 | F31: =_xlfn.NUMBERVALUE(MID(F17,2,FIND(";",F17,1)-2)) -> 0 | G31: =_xlfn.NUMBERVALUE(MID(G17,2,FIND(";",G17,1)-2)) -> 0.251 | H31: =_xlfn.NUMBERVALUE(MID(H17,2,FIND(";",H17,1)-2)) -> 0.1897 | I31: =_xlfn.NUMBERVALUE(MID(I17,2,FIND(";",I17,1)-2)) -> 0 | ... M31: =_xlfn.NUMBERVALUE(MID(M17,2,FIND(";",M17,1)-2)) -> 0.2846
A32: DRI4 | B32: =_xlfn.NUMBERVALUE(MID(B18,2,FIND(";",B18,1)-2)) -> 0.0837 | C32: =_xlfn.NUMBERVALUE(MID(C18,2,FIND(";",C18,1)-2)) -> 0 | D32: =_xlfn.NUMBERVALUE(MID(D18,2,FIND(";",D18,1)-2)) -> 0 | E32: =_xlfn.NUMBERVALUE(MID(E18,2,FIND(";",E18,1)-2)) -> 0.0837 | F32: =_xlfn.NUMBERVALUE(MID(F18,2,FIND(";",F18,1)-2)) -> 0 | G32: =_xlfn.NUMBERVALUE(MID(G18,2,FIND(";",G18,1)-2)) -> 0.1414 | H32: =_xlfn.NUMBERVALUE(MID(H18,2,FIND(";",H18,1)-2)) -> 0.0837 | I32: =_xlfn.NUMBERVALUE(MID(I18,2,FIND(";",I18,1)-2)) -> 0 | ... M32: =_xlfn.NUMBERVALUE(MID(M18,2,FIND(";",M18,1)-2)) -> 0.1897
A33: DRI5 | B33: =_xlfn.NUMBERVALUE(MID(B19,2,FIND(";",B19,1)-2)) -> 0 | C33: =_xlfn.NUMBERVALUE(MID(C19,2,FIND(";",C19,1)-2)) -> 0 | D33: =_xlfn.NUMBERVALUE(MID(D19,2,FIND(";",D19,1)-2)) -> 0 | E33: =_xlfn.NUMBERVALUE(MID(E19,2,FIND(";",E19,1)-2)) -> 0 | F33: =_xlfn.NUMBERVALUE(MID(F19,2,FIND(";",F19,1)-2)) -> 0 | G33: =_xlfn.NUMBERVALUE(MID(G19,2,FIND(";",G19,1)-2)) -> 0 | H33: =_xlfn.NUMBERVALUE(MID(H19,2,FIND(";",H19,1)-2)) -> 0.1673 | I33: =_xlfn.NUMBERVALUE(MID(I19,2,FIND(";",I19,1)-2)) -> 0 | ... M33: =_xlfn.NUMBERVALUE(MID(M19,2,FIND(";",M19,1)-2)) -> 0.1897
A34: DRI6 | B34: =_xlfn.NUMBERVALUE(MID(B20,2,FIND(";",B20,1)-2)) -> 0 | C34: =_xlfn.NUMBERVALUE(MID(C20,2,FIND(";",C20,1)-2)) -> 0 | D34: =_xlfn.NUMBERVALUE(MID(D20,2,FIND(";",D20,1)-2)) -> 0 | E34: =_xlfn.NUMBERVALUE(MID(E20,2,FIND(";",E20,1)-2)) -> 0 | F34: =_xlfn.NUMBERVALUE(MID(F20,2,FIND(";",F20,1)-2)) -> 0 | G34: =_xlfn.NUMBERVALUE(MID(G20,2,FIND(";",G20,1)-2)) -> 0.1897 | H34: =_xlfn.NUMBERVALUE(MID(H20,2,FIND(";",H20,1)-2)) -> 0.0707 | I34: =_xlfn.NUMBERVALUE(MID(I20,2,FIND(";",I20,1)-2)) -> 0 | ... M34: =_xlfn.NUMBERVALUE(MID(M20,2,FIND(";",M20,1)-2)) -> 0
A35: DRI7 | B35: =_xlfn.NUMBERVALUE(MID(B21,2,FIND(";",B21,1)-2)) -> 0 | C35: =_xlfn.NUMBERVALUE(MID(C21,2,FIND(";",C21,1)-2)) -> 0 | D35: =_xlfn.NUMBERVALUE(MID(D21,2,FIND(";",D21,1)-2)) -> 0 | E35: =_xlfn.NUMBERVALUE(MID(E21,2,FIND(";",E21,1)-2)) -> 0 | F35: =_xlfn.NUMBERVALUE(MID(F21,2,FIND(";",F21,1)-2)) -> 0 | G35: =_xlfn.NUMBERVALUE(MID(G21,2,FIND(";",G21,1)-2)) -> 0 | H35: =_xlfn.NUMBERVALUE(MID(H21,2,FIND(";",H21,1)-2)) -> 0 | I35: =_xlfn.NUMBERVALUE(MID(I21,2,FIND(";",I21,1)-2)) -> 0 | ... M35: =_xlfn.NUMBERVALUE(MID(M21,2,FIND(";",M21,1)-2)) -> 0
A36: DRI9 | B36: =_xlfn.NUMBERVALUE(MID(B22,2,FIND(";",B22,1)-2)) -> 0 | C36: =_xlfn.NUMBERVALUE(MID(C22,2,FIND(";",C22,1)-2)) -> 0 | D36: =_xlfn.NUMBERVALUE(MID(D22,2,FIND(";",D22,1)-2)) -> 0 | E36: =_xlfn.NUMBERVALUE(MID(E22,2,FIND(";",E22,1)-2)) -> 0 | F36: =_xlfn.NUMBERVALUE(MID(F22,2,FIND(";",F22,1)-2)) -> 0 | G36: =_xlfn.NUMBERVALUE(MID(G22,2,FIND(";",G22,1)-2)) -> 0 | H36: =_xlfn.NUMBERVALUE(MID(H22,2,FIND(";",H22,1)-2)) -> 0 | I36: =_xlfn.NUMBERVALUE(MID(I22,2,FIND(";",I22,1)-2)) -> 0.0707 | ... M36: =_xlfn.NUMBERVALUE(MID(M22,2,FIND(";",M22,1)-2)) -> 0
A37: DRI10 | B37: =_xlfn.NUMBERVALUE(MID(B23,2,FIND(";",B23,1)-2)) -> 0 | C37: =_xlfn.NUMBERVALUE(MID(C23,2,FIND(";",C23,1)-2)) -> 0 | D37: =_xlfn.NUMBERVALUE(MID(D23,2,FIND(";",D23,1)-2)) -> 0 | E37: =_xlfn.NUMBERVALUE(MID(E23,2,FIND(";",E23,1)-2)) -> 0 | F37: =_xlfn.NUMBERVALUE(MID(F23,2,FIND(";",F23,1)-2)) -> 0 | G37: =_xlfn.NUMBERVALUE(MID(G23,2,FIND(";",G23,1)-2)) -> 0 | H37: =_xlfn.NUMBERVALUE(MID(H23,2,FIND(";",H23,1)-2)) -> 0 | I37: =_xlfn.NUMBERVALUE(MID(I23,2,FIND(";",I23,1)-2)) -> 0 | ... M37: =_xlfn.NUMBERVALUE(MID(M23,2,FIND(";",M23,1)-2)) -> 0.1897
A38: DRI11 | B38: =_xlfn.NUMBERVALUE(MID(B24,2,FIND(";",B24,1)-2)) -> 0.0837 | C38: =_xlfn.NUMBERVALUE(MID(C24,2,FIND(";",C24,1)-2)) -> 0 | D38: =_xlfn.NUMBERVALUE(MID(D24,2,FIND(";",D24,1)-2)) -> 0 | E38: =_xlfn.NUMBERVALUE(MID(E24,2,FIND(";",E24,1)-2)) -> 0 | F38: =_xlfn.NUMBERVALUE(MID(F24,2,FIND(";",F24,1)-2)) -> 0 | G38: =_xlfn.NUMBERVALUE(MID(G24,2,FIND(";",G24,1)-2)) -> 0 | H38: =_xlfn.NUMBERVALUE(MID(H24,2,FIND(";",H24,1)-2)) -> 0.2846 | I38: =_xlfn.NUMBERVALUE(MID(I24,2,FIND(";",I24,1)-2)) -> 0 | ... M38: =_xlfn.NUMBERVALUE(MID(M24,2,FIND(";",M24,1)-2)) -> 0.1897
A39: DRI13 | B39: =_xlfn.NUMBERVALUE(MID(B25,2,FIND(";",B25,1)-2)) -> 0 | C39: =_xlfn.NUMBERVALUE(MID(C25,2,FIND(";",C25,1)-2)) -> 0.0707 | D39: =_xlfn.NUMBERVALUE(MID(D25,2,FIND(";",D25,1)-2)) -> 0 | E39: =_xlfn.NUMBERVALUE(MID(E25,2,FIND(";",E25,1)-2)) -> 0 | F39: =_xlfn.NUMBERVALUE(MID(F25,2,FIND(";",F25,1)-2)) -> 0 | G39: =_xlfn.NUMBERVALUE(MID(G25,2,FIND(";",G25,1)-2)) -> 0 | H39: =_xlfn.NUMBERVALUE(MID(H25,2,FIND(";",H25,1)-2)) -> 0 | I39: =_xlfn.NUMBERVALUE(MID(I25,2,FIND(";",I25,1)-2)) -> 0 | ... M39: =_xlfn.NUMBERVALUE(MID(M25,2,FIND(";",M25,1)-2)) -> 0
A40: DRI14 | B40: =_xlfn.NUMBERVALUE(MID(B26,2,FIND(";",B26,1)-2)) -> 0.0707 | C40: =_xlfn.NUMBERVALUE(MID(C26,2,FIND(";",C26,1)-2)) -> 0 | D40: =_xlfn.NUMBERVALUE(MID(D26,2,FIND(";",D26,1)-2)) -> 0 | E40: =_xlfn.NUMBERVALUE(MID(E26,2,FIND(";",E26,1)-2)) -> 0 | F40: =_xlfn.NUMBERVALUE(MID(F26,2,FIND(";",F26,1)-2)) -> 0 | G40: =_xlfn.NUMBERVALUE(MID(G26,2,FIND(";",G26,1)-2)) -> 0 | H40: =_xlfn.NUMBERVALUE(MID(H26,2,FIND(";",H26,1)-2)) -> 0 | I40: =_xlfn.NUMBERVALUE(MID(I26,2,FIND(";",I26,1)-2)) -> 0 | ... M40: =_xlfn.NUMBERVALUE(MID(M26,2,FIND(";",M26,1)-2)) -> 0.1673
A41: DRI15 | B41: =_xlfn.NUMBERVALUE(MID(B27,2,FIND(";",B27,1)-2)) -> 0 | C41: =_xlfn.NUMBERVALUE(MID(C27,2,FIND(";",C27,1)-2)) -> 0 | D41: =_xlfn.NUMBERVALUE(MID(D27,2,FIND(";",D27,1)-2)) -> 0 | E41: =_xlfn.NUMBERVALUE(MID(E27,2,FIND(";",E27,1)-2)) -> 0 | F41: =_xlfn.NUMBERVALUE(MID(F27,2,FIND(";",F27,1)-2)) -> 0 | G41: =_xlfn.NUMBERVALUE(MID(G27,2,FIND(";",G27,1)-2)) -> 0 | H41: =_xlfn.NUMBERVALUE(MID(H27,2,FIND(";",H27,1)-2)) -> 0 | I41: =_xlfn.NUMBERVALUE(MID(I27,2,FIND(";",I27,1)-2)) -> 0.0707 | ... M41: =_xlfn.NUMBERVALUE(MID(M27,2,FIND(";",M27,1)-2)) -> 0
A43: M | B43: DRI1 | C43: DRI3 | D43: DRI4 | E43: DRI5 | F43: DRI6 | G43: DRI7 | H43: DRI9 | I43: DRI10 | J43: DRI11 | K43: DRI13 | L43: DRI14 | M43: DRI15
A44: DRI1 | B44: =_xlfn.NUMBERVALUE(MID(B16,FIND(";",B16,1)+1,FIND(";",B16,FIND(";",B16,1)+1)-FIND(";",B16,1)-1)) -> 0 | C44: =_xlfn.NUMBERVALUE(MID(C16,FIND(";",C16,1)+1,FIND(";",C16,FIND(";",C16,1)+1)-FIND(";",C16,1)-1)) -> 0.2846 | D44: =_xlfn.NUMBERVALUE(MID(D16,FIND(";",D16,1)+1,FIND(";",D16,FIND(";",D16,1)+1)-FIND(";",D16,1)-1)) -> 0.251 | E44: =_xlfn.NUMBERVALUE(MID(E16,FIND(";",E16,1)+1,FIND(";",E16,FIND(";",E16,1)+1)-FIND(";",E16,1)-1)) -> 0 | F44: =_xlfn.NUMBERVALUE(MID(F16,FIND(";",F16,1)+1,FIND(";",F16,FIND(";",F16,1)+1)-FIND(";",F16,1)-1)) -> 0.251 | G44: =_xlfn.NUMBERVALUE(MID(G16,FIND(";",G16,1)+1,FIND(";",G16,FIND(";",G16,1)+1)-FIND(";",G16,1)-1)) -> 0.0707 | H44: =_xlfn.NUMBERVALUE(MID(H16,FIND(";",H16,1)+1,FIND(";",H16,FIND(";",H16,1)+1)-FIND(";",H16,1)-1)) -> 0.1414 | I44: =_xlfn.NUMBERVALUE(MID(I16,FIND(";",I16,1)+1,FIND(";",I16,FIND(";",I16,1)+1)-FIND(";",I16,1)-1)) -> 0.0837 | ... M44: =_xlfn.NUMBERVALUE(MID(M16,FIND(";",M16,1)+1,FIND(";",M16,FIND(";",M16,1)+1)-FIND(";",M16,1)-1)) -> 0
A45: DRI3 | B45: =_xlfn.NUMBERVALUE(MID(B17,FIND(";",B17,1)+1,FIND(";",B17,FIND(";",B17,1)+1)-FIND(";",B17,1)-1)) -> 0.0316 | C45: =_xlfn.NUMBERVALUE(MID(C17,FIND(";",C17,1)+1,FIND(";",C17,FIND(";",C17,1)+1)-FIND(";",C17,1)-1)) -> 0 | D45: =_xlfn.NUMBERVALUE(MID(D17,FIND(";",D17,1)+1,FIND(";",D17,FIND(";",D17,1)+1)-FIND(";",D17,1)-1)) -> 0.3795 | E45: =_xlfn.NUMBERVALUE(MID(E17,FIND(";",E17,1)+1,FIND(";",E17,FIND(";",E17,1)+1)-FIND(";",E17,1)-1)) -> 0.3347 | F45: =_xlfn.NUMBERVALUE(MID(F17,FIND(";",F17,1)+1,FIND(";",F17,FIND(";",F17,1)+1)-FIND(";",F17,1)-1)) -> 0 | G45: =_xlfn.NUMBERVALUE(MID(G17,FIND(";",G17,1)+1,FIND(";",G17,FIND(";",G17,1)+1)-FIND(";",G17,1)-1)) -> 0.3347 | H45: =_xlfn.NUMBERVALUE(MID(H17,FIND(";",H17,1)+1,FIND(";",H17,FIND(";",H17,1)+1)-FIND(";",H17,1)-1)) -> 0.2846 | I45: =_xlfn.NUMBERVALUE(MID(I17,FIND(";",I17,1)+1,FIND(";",I17,FIND(";",I17,1)+1)-FIND(";",I17,1)-1)) -> 0.0707 | ... M45: =_xlfn.NUMBERVALUE(MID(M17,FIND(";",M17,1)+1,FIND(";",M17,FIND(";",M17,1)+1)-FIND(";",M17,1)-1)) -> 0.3795
A46: DRI4 | B46: =_xlfn.NUMBERVALUE(MID(B18,FIND(";",B18,1)+1,FIND(";",B18,FIND(";",B18,1)+1)-FIND(";",B18,1)-1)) -> 0.1673 | C46: =_xlfn.NUMBERVALUE(MID(C18,FIND(";",C18,1)+1,FIND(";",C18,FIND(";",C18,1)+1)-FIND(";",C18,1)-1)) -> 0 | D46: =_xlfn.NUMBERVALUE(MID(D18,FIND(";",D18,1)+1,FIND(";",D18,FIND(";",D18,1)+1)-FIND(";",D18,1)-1)) -> 0 | E46: =_xlfn.NUMBERVALUE(MID(E18,FIND(";",E18,1)+1,FIND(";",E18,FIND(";",E18,1)+1)-FIND(";",E18,1)-1)) -> 0.1673 | F46: =_xlfn.NUMBERVALUE(MID(F18,FIND(";",F18,1)+1,FIND(";",F18,FIND(";",F18,1)+1)-FIND(";",F18,1)-1)) -> 0 | G46: =_xlfn.NUMBERVALUE(MID(G18,FIND(";",G18,1)+1,FIND(";",G18,FIND(";",G18,1)+1)-FIND(";",G18,1)-1)) -> 0.2121 | H46: =_xlfn.NUMBERVALUE(MID(H18,FIND(";",H18,1)+1,FIND(";",H18,FIND(";",H18,1)+1)-FIND(";",H18,1)-1)) -> 0.1673 | I46: =_xlfn.NUMBERVALUE(MID(I18,FIND(";",I18,1)+1,FIND(";",I18,FIND(";",I18,1)+1)-FIND(";",I18,1)-1)) -> 0 | ... M46: =_xlfn.NUMBERVALUE(MID(M18,FIND(";",M18,1)+1,FIND(";",M18,FIND(";",M18,1)+1)-FIND(";",M18,1)-1)) -> 0.2846
A47: DRI5 | B47: =_xlfn.NUMBERVALUE(MID(B19,FIND(";",B19,1)+1,FIND(";",B19,FIND(";",B19,1)+1)-FIND(";",B19,1)-1)) -> 0 | C47: =_xlfn.NUMBERVALUE(MID(C19,FIND(";",C19,1)+1,FIND(";",C19,FIND(";",C19,1)+1)-FIND(";",C19,1)-1)) -> 0.0316 | D47: =_xlfn.NUMBERVALUE(MID(D19,FIND(";",D19,1)+1,FIND(";",D19,FIND(";",D19,1)+1)-FIND(";",D19,1)-1)) -> 0 | E47: =_xlfn.NUMBERVALUE(MID(E19,FIND(";",E19,1)+1,FIND(";",E19,FIND(";",E19,1)+1)-FIND(";",E19,1)-1)) -> 0 | F47: =_xlfn.NUMBERVALUE(MID(F19,FIND(";",F19,1)+1,FIND(";",F19,FIND(";",F19,1)+1)-FIND(";",F19,1)-1)) -> 0 | G47: =_xlfn.NUMBERVALUE(MID(G19,FIND(";",G19,1)+1,FIND(";",G19,FIND(";",G19,1)+1)-FIND(";",G19,1)-1)) -> 0.0837 | H47: =_xlfn.NUMBERVALUE(MID(H19,FIND(";",H19,1)+1,FIND(";",H19,FIND(";",H19,1)+1)-FIND(";",H19,1)-1)) -> 0.251 | I47: =_xlfn.NUMBERVALUE(MID(I19,FIND(";",I19,1)+1,FIND(";",I19,FIND(";",I19,1)+1)-FIND(";",I19,1)-1)) -> 0.0707 | ... M47: =_xlfn.NUMBERVALUE(MID(M19,FIND(";",M19,1)+1,FIND(";",M19,FIND(";",M19,1)+1)-FIND(";",M19,1)-1)) -> 0.2846
A48: DRI6 | B48: =_xlfn.NUMBERVALUE(MID(B20,FIND(";",B20,1)+1,FIND(";",B20,FIND(";",B20,1)+1)-FIND(";",B20,1)-1)) -> 0 | C48: =_xlfn.NUMBERVALUE(MID(C20,FIND(";",C20,1)+1,FIND(";",C20,FIND(";",C20,1)+1)-FIND(";",C20,1)-1)) -> 0.0707 | D48: =_xlfn.NUMBERVALUE(MID(D20,FIND(";",D20,1)+1,FIND(";",D20,FIND(";",D20,1)+1)-FIND(";",D20,1)-1)) -> 0 | E48: =_xlfn.NUMBERVALUE(MID(E20,FIND(";",E20,1)+1,FIND(";",E20,FIND(";",E20,1)+1)-FIND(";",E20,1)-1)) -> 0 | F48: =_xlfn.NUMBERVALUE(MID(F20,FIND(";",F20,1)+1,FIND(";",F20,FIND(";",F20,1)+1)-FIND(";",F20,1)-1)) -> 0 | G48: =_xlfn.NUMBERVALUE(MID(G20,FIND(";",G20,1)+1,FIND(";",G20,FIND(";",G20,1)+1)-FIND(";",G20,1)-1)) -> 0.2846 | H48: =_xlfn.NUMBERVALUE(MID(H20,FIND(";",H20,1)+1,FIND(";",H20,FIND(";",H20,1)+1)-FIND(";",H20,1)-1)) -> 0.1414 | I48: =_xlfn.NUMBERVALUE(MID(I20,FIND(";",I20,1)+1,FIND(";",I20,FIND(";",I20,1)+1)-FIND(";",I20,1)-1)) -> 0.0707 | ... M48: =_xlfn.NUMBERVALUE(MID(M20,FIND(";",M20,1)+1,FIND(";",M20,FIND(";",M20,1)+1)-FIND(";",M20,1)-1)) -> 0
A49: DRI7 | B49: =_xlfn.NUMBERVALUE(MID(B21,FIND(";",B21,1)+1,FIND(";",B21,FIND(";",B21,1)+1)-FIND(";",B21,1)-1)) -> 0 | C49: =_xlfn.NUMBERVALUE(MID(C21,FIND(";",C21,1)+1,FIND(";",C21,FIND(";",C21,1)+1)-FIND(";",C21,1)-1)) -> 0 | D49: =_xlfn.NUMBERVALUE(MID(D21,FIND(";",D21,1)+1,FIND(";",D21,FIND(";",D21,1)+1)-FIND(";",D21,1)-1)) -> 0 | E49: =_xlfn.NUMBERVALUE(MID(E21,FIND(";",E21,1)+1,FIND(";",E21,FIND(";",E21,1)+1)-FIND(";",E21,1)-1)) -> 0.0707 | F49: =_xlfn.NUMBERVALUE(MID(F21,FIND(";",F21,1)+1,FIND(";",F21,FIND(";",F21,1)+1)-FIND(";",F21,1)-1)) -> 0 | G49: =_xlfn.NUMBERVALUE(MID(G21,FIND(";",G21,1)+1,FIND(";",G21,FIND(";",G21,1)+1)-FIND(";",G21,1)-1)) -> 0 | H49: =_xlfn.NUMBERVALUE(MID(H21,FIND(";",H21,1)+1,FIND(";",H21,FIND(";",H21,1)+1)-FIND(";",H21,1)-1)) -> 0 | I49: =_xlfn.NUMBERVALUE(MID(I21,FIND(";",I21,1)+1,FIND(";",I21,FIND(";",I21,1)+1)-FIND(";",I21,1)-1)) -> 0 | ... M49: =_xlfn.NUMBERVALUE(MID(M21,FIND(";",M21,1)+1,FIND(";",M21,FIND(";",M21,1)+1)-FIND(";",M21,1)-1)) -> 0
A50: DRI9 | B50: =_xlfn.NUMBERVALUE(MID(B22,FIND(";",B22,1)+1,FIND(";",B22,FIND(";",B22,1)+1)-FIND(";",B22,1)-1)) -> 0.0837 | C50: =_xlfn.NUMBERVALUE(MID(C22,FIND(";",C22,1)+1,FIND(";",C22,FIND(";",C22,1)+1)-FIND(";",C22,1)-1)) -> 0.0707 | D50: =_xlfn.NUMBERVALUE(MID(D22,FIND(";",D22,1)+1,FIND(";",D22,FIND(";",D22,1)+1)-FIND(";",D22,1)-1)) -> 0.0707 | E50: =_xlfn.NUMBERVALUE(MID(E22,FIND(";",E22,1)+1,FIND(";",E22,FIND(";",E22,1)+1)-FIND(";",E22,1)-1)) -> 0.0316 | F50: =_xlfn.NUMBERVALUE(MID(F22,FIND(";",F22,1)+1,FIND(";",F22,FIND(";",F22,1)+1)-FIND(";",F22,1)-1)) -> 0 | G50: =_xlfn.NUMBERVALUE(MID(G22,FIND(";",G22,1)+1,FIND(";",G22,FIND(";",G22,1)+1)-FIND(";",G22,1)-1)) -> 0 | H50: =_xlfn.NUMBERVALUE(MID(H22,FIND(";",H22,1)+1,FIND(";",H22,FIND(";",H22,1)+1)-FIND(";",H22,1)-1)) -> 0 | I50: =_xlfn.NUMBERVALUE(MID(I22,FIND(";",I22,1)+1,FIND(";",I22,FIND(";",I22,1)+1)-FIND(";",I22,1)-1)) -> 0.1414 | ... M50: =_xlfn.NUMBERVALUE(MID(M22,FIND(";",M22,1)+1,FIND(";",M22,FIND(";",M22,1)+1)-FIND(";",M22,1)-1)) -> 0.0548
A51: DRI10 | B51: =_xlfn.NUMBERVALUE(MID(B23,FIND(";",B23,1)+1,FIND(";",B23,FIND(";",B23,1)+1)-FIND(";",B23,1)-1)) -> 0.0316 | C51: =_xlfn.NUMBERVALUE(MID(C23,FIND(";",C23,1)+1,FIND(";",C23,FIND(";",C23,1)+1)-FIND(";",C23,1)-1)) -> 0.0707 | D51: =_xlfn.NUMBERVALUE(MID(D23,FIND(";",D23,1)+1,FIND(";",D23,FIND(";",D23,1)+1)-FIND(";",D23,1)-1)) -> 0.0707 | E51: =_xlfn.NUMBERVALUE(MID(E23,FIND(";",E23,1)+1,FIND(";",E23,FIND(";",E23,1)+1)-FIND(";",E23,1)-1)) -> 0.0316 | F51: =_xlfn.NUMBERVALUE(MID(F23,FIND(";",F23,1)+1,FIND(";",F23,FIND(";",F23,1)+1)-FIND(";",F23,1)-1)) -> 0 | G51: =_xlfn.NUMBERVALUE(MID(G23,FIND(";",G23,1)+1,FIND(";",G23,FIND(";",G23,1)+1)-FIND(";",G23,1)-1)) -> 0 | H51: =_xlfn.NUMBERVALUE(MID(H23,FIND(";",H23,1)+1,FIND(";",H23,FIND(";",H23,1)+1)-FIND(";",H23,1)-1)) -> 0.0707 | I51: =_xlfn.NUMBERVALUE(MID(I23,FIND(";",I23,1)+1,FIND(";",I23,FIND(";",I23,1)+1)-FIND(";",I23,1)-1)) -> 0 | ... M51: =_xlfn.NUMBERVALUE(MID(M23,FIND(";",M23,1)+1,FIND(";",M23,FIND(";",M23,1)+1)-FIND(";",M23,1)-1)) -> 0.2846
